-- MySQL dump 10.13  Distrib 5.7.17, for Win64 (x86_64)
--
-- Host: 127.0.0.1    Database: ygz_show
-- ------------------------------------------------------
-- Server version	5.7.18

/*!40101 SET @OLD_CHARACTER_SET_CLIENT=@@CHARACTER_SET_CLIENT */;
/*!40101 SET @OLD_CHARACTER_SET_RESULTS=@@CHARACTER_SET_RESULTS */;
/*!40101 SET @OLD_COLLATION_CONNECTION=@@COLLATION_CONNECTION */;
/*!40101 SET NAMES utf8 */;
/*!40103 SET @OLD_TIME_ZONE=@@TIME_ZONE */;
/*!40103 SET TIME_ZONE='+00:00' */;
/*!40014 SET @OLD_UNIQUE_CHECKS=@@UNIQUE_CHECKS, UNIQUE_CHECKS=0 */;
/*!40014 SET @OLD_FOREIGN_KEY_CHECKS=@@FOREIGN_KEY_CHECKS, FOREIGN_KEY_CHECKS=0 */;
/*!40101 SET @OLD_SQL_MODE=@@SQL_MODE, SQL_MODE='NO_AUTO_VALUE_ON_ZERO' */;
/*!40111 SET @OLD_SQL_NOTES=@@SQL_NOTES, SQL_NOTES=0 */;

--
-- Table structure for table `jc_partition`
--

DROP TABLE IF EXISTS `jc_partition`;
/*!40101 SET @saved_cs_client     = @@character_set_client */;
/*!40101 SET character_set_client = utf8 */;
CREATE TABLE `jc_partition` (
  `partitionId` varchar(45) COLLATE utf8_unicode_ci NOT NULL,
  `jcPartition` tinyint(2) DEFAULT NULL COMMENT '一区、二区',
  `partitionNumber` int(11) DEFAULT NULL COMMENT '一区：2,3,4 二区：5,6,7',
  PRIMARY KEY (`partitionId`)
) ENGINE=InnoDB DEFAULT CHARSET=utf8 COLLATE=utf8_unicode_ci;
/*!40101 SET character_set_client = @saved_cs_client */;

--
-- Dumping data for table `jc_partition`
--

LOCK TABLES `jc_partition` WRITE;
/*!40000 ALTER TABLE `jc_partition` DISABLE KEYS */;
/*!40000 ALTER TABLE `jc_partition` ENABLE KEYS */;
UNLOCK TABLES;

--
-- Table structure for table `jc_path_info`
--

DROP TABLE IF EXISTS `jc_path_info`;
/*!40101 SET @saved_cs_client     = @@character_set_client */;
/*!40101 SET character_set_client = utf8 */;
CREATE TABLE `jc_path_info` (
  `infoId` int(11) NOT NULL AUTO_INCREMENT,
  `jcPath` varchar(45) DEFAULT NULL,
  `jcDCH` varchar(10) DEFAULT NULL,
  PRIMARY KEY (`infoId`)
) ENGINE=InnoDB AUTO_INCREMENT=99 DEFAULT CHARSET=utf8;
/*!40101 SET character_set_client = @saved_cs_client */;

--
-- Dumping data for table `jc_path_info`
--

LOCK TABLES `jc_path_info` WRITE;
/*!40000 ALTER TABLE `jc_path_info` DISABLE KEYS */;
INSERT INTO `jc_path_info` VALUES (0,'JXD02','135'),(1,'JXD02','105'),(2,'JXD02','107'),(3,'JXD02','109'),(4,'JXD02','111'),(5,'JXD02','123'),(6,'JXD02','125'),(7,'JXD02','127'),(8,'JXD02','129'),(9,'JXD02','131'),(10,'JXD02','133'),(11,'JXD02','137'),(12,'JXD02','(103)'),(13,'JXD02','(121)'),(14,'JXD02','(113)'),(15,'JXD02','(115)'),(16,'JXD03','105'),(17,'JXD03','107'),(18,'JXD03','109'),(19,'JXD03','111'),(20,'JXD03','123'),(21,'JXD03','125'),(22,'JXD03','127'),(23,'JXD03','129'),(24,'JXD03','131'),(25,'JXD03','133'),(26,'JXD03','135'),(27,'JXD03','137'),(28,'JXD03','(103)'),(29,'JXD03','(121)'),(30,'JXD03','(113)'),(31,'JXD03','(115)'),(32,'JXD04','105'),(33,'JXD04','107'),(34,'JXD04','109'),(35,'JXD04','111'),(36,'JXD04','123'),(37,'JXD04','125'),(38,'JXD04','127'),(39,'JXD04','129'),(40,'JXD04','(103)'),(41,'JXD04','(121)'),(42,'JXD04','(113)'),(43,'JXD04','(115)'),(44,'JXD04','(131)'),(45,'JXD04','(133)'),(46,'JXD05','105'),(47,'JXD05','107'),(48,'JXD05','109'),(49,'JXD05','111'),(50,'JXD05','113'),(51,'JXD05','115'),(52,'JXD05','117'),(53,'JXD05','119'),(54,'JXD05','(103)'),(55,'JXD05','(121)'),(56,'JXD05','(123)'),(57,'JXD05','(125)'),(58,'JXD05','(127)'),(59,'JXD05','(103)'),(60,'JXD05','(129)'),(61,'JXD05','(131)'),(62,'JXD05','(133)'),(63,'JXD06','105'),(64,'JXD06','107'),(65,'JXD06','109'),(66,'JXD06','111'),(67,'JXD06','113'),(68,'JXD06','115'),(69,'JXD06','117'),(70,'JXD06','119'),(71,'JXD06','141'),(72,'JXD06','(103)'),(73,'JXD06','(121)'),(74,'JXD06','(123)'),(75,'JXD06','(125)'),(76,'JXD06','(127)'),(77,'JXD06','(103)'),(78,'JXD06','(129)'),(79,'JXD06','(131)'),(80,'JXD06','(133)'),(81,'JXD07','105'),(82,'JXD07','107'),(83,'JXD07','109'),(84,'JXD07','111'),(85,'JXD07','113'),(86,'JXD07','115'),(87,'JXD07','117'),(88,'JXD07','119'),(89,'JXD07','141'),(90,'JXD07','(103)'),(91,'JXD07','(121)'),(92,'JXD07','(123)'),(93,'JXD07','(125)'),(94,'JXD07','(127)'),(95,'JXD07','(103)'),(96,'JXD07','(129)'),(97,'JXD07','(131)'),(98,'JXD07','(133)');
/*!40000 ALTER TABLE `jc_path_info` ENABLE KEYS */;
UNLOCK TABLES;

--
-- Table structure for table `jc_plan`
--

DROP TABLE IF EXISTS `jc_plan`;
/*!40101 SET @saved_cs_client     = @@character_set_client */;
/*!40101 SET character_set_client = utf8 */;
CREATE TABLE `jc_plan` (
  `jcNumber` varchar(20) COLLATE utf8_unicode_ci NOT NULL,
  `jcType` varchar(45) COLLATE utf8_unicode_ci DEFAULT NULL,
  `jcStartTime` datetime DEFAULT NULL,
  `jcEndTime` datetime DEFAULT NULL,
  `jcSource` varchar(10) COLLATE utf8_unicode_ci DEFAULT NULL,
  `jcDestination` varchar(10) COLLATE utf8_unicode_ci DEFAULT NULL,
  `jcSumHc` float DEFAULT NULL,
  `jcXD` varchar(10) COLLATE utf8_unicode_ci DEFAULT NULL,
  `jcDH` varchar(10) COLLATE utf8_unicode_ci DEFAULT NULL,
  `jcPath` varchar(45) COLLATE utf8_unicode_ci DEFAULT NULL,
  PRIMARY KEY (`jcNumber`)
) ENGINE=InnoDB DEFAULT CHARSET=utf8 COLLATE=utf8_unicode_ci;
/*!40101 SET character_set_client = @saved_cs_client */;

--
-- Dumping data for table `jc_plan`
--

LOCK TABLES `jc_plan` WRITE;
/*!40000 ALTER TABLE `jc_plan` DISABLE KEYS */;
INSERT INTO `jc_plan` VALUES ('11041','接车','2017-07-26 03:42:00','2017-07-26 03:50:00','马三家','XB01',83,'XB','01','JXB01'),('17503','接车','2017-07-25 23:22:00','2017-07-25 23:30:00','马三家','XZ03',0,'XZ','03','JXZ03'),('28601','接车','2017-07-26 04:22:00','2017-07-26 04:30:00','马三家','XD05',81.4,'XD','05','JXD05'),('28627','接车','2017-07-25 23:27:00','2017-07-25 23:35:00','马三家','XB01',82.9,'XB','01','JXB01'),('38604','接车','2017-07-26 05:13:00','2017-07-26 05:21:00','马三家','XD06',82.3,'XD','06','JXD06'),('44153','接车','2017-07-26 00:02:00','2017-07-26 00:10:00','马三家','XD05',81.1,'XD','05','JXD05'),('85301','接车','2017-07-26 02:22:00','2017-07-26 02:30:00','马三家','XD04',83.9,'XD','04','JXD04'),('89001','接车','2017-07-26 04:51:00','2017-07-26 04:59:00','马三家','XD04',82.8,'XD','04','JXD04'),('89003','接车','2017-07-26 03:54:00','2017-07-26 04:02:00','马三家','XD03',83,'XD','03','JXD03'),('89029','接车','2017-07-26 01:27:00','2017-07-26 01:35:00','马三家','XD06',83.1,'XD','06','JXD06'),('H72075A','接车','2017-07-26 04:22:00','2017-07-26 04:30:00','马三家','XZ01',0,'XZ','01','JXZ01'),('H72075B','接车','2017-07-26 04:55:00','2017-07-26 05:03:00','马三家','XZ01',0,'XZ','01','JXZ01'),('H84439','接车','2017-07-26 00:33:00','2017-07-26 00:41:00','马三家','XZ03',0,'XZ','03','JXZ03'),('H84441','接车','2017-07-26 01:14:00','2017-07-26 01:22:00','马三家','XD03',0,'XD','03','JXD03'),('X1425','接车','2017-07-26 03:01:00','2017-07-26 03:09:00','马三家','XZ01',52.8,'XZ','01','JXZ01'),('X1441','接车','2017-07-26 01:52:00','2017-07-26 02:00:00','马三家','XZ01',69.6,'XZ','01','JXZ01'),('X1465','接车','2017-07-25 23:49:00','2017-07-25 23:57:00','马三家','XZ01',6.3,'XZ','01','JXZ01');
/*!40000 ALTER TABLE `jc_plan` ENABLE KEYS */;
UNLOCK TABLES;

--
-- Table structure for table `jc_plan_copy`
--

DROP TABLE IF EXISTS `jc_plan_copy`;
/*!40101 SET @saved_cs_client     = @@character_set_client */;
/*!40101 SET character_set_client = utf8 */;
CREATE TABLE `jc_plan_copy` (
  `copyId` varchar(50) COLLATE utf8_unicode_ci NOT NULL,
  `jcNumber` varchar(10) COLLATE utf8_unicode_ci DEFAULT NULL COMMENT '车次 \nV_CZD_DJH.TRAIN_NUM=CCH_YSDBML.CC',
  `jcSource` varchar(20) COLLATE utf8_unicode_ci DEFAULT NULL COMMENT '源：只要马三家  V_CZD_DJH.NODE_FOUR_WAY',
  `jcEndTime` datetime DEFAULT NULL COMMENT '结束时间（计划时间）V_CZD_DJH.TIME',
  `jcDestination` varchar(20) COLLATE utf8_unicode_ci DEFAULT NULL COMMENT '目的 V_CZD_DJH.TRACK_NUM',
  `jcHc` float DEFAULT NULL COMMENT '换长 CCH_YSDBML.HC',
  `jcQBID` varchar(45) CHARACTER SET utf8 DEFAULT NULL COMMENT '记事 cch_ysdbml.cc-->cch_ysdbml.qbid = cch_ysdbzw.qbid-->cch_ysdbzw.jsl',
  `jcQBIDN` varchar(20) CHARACTER SET utf8 DEFAULT NULL COMMENT 'PK',
  `jcJSL` varchar(45) CHARACTER SET utf8 DEFAULT NULL COMMENT '记事',
  `jcStartTime` varchar(45) COLLATE utf8_unicode_ci DEFAULT NULL,
  `jcType` varchar(45) COLLATE utf8_unicode_ci DEFAULT NULL,
  PRIMARY KEY (`copyId`)
) ENGINE=InnoDB DEFAULT CHARSET=utf8 COLLATE=utf8_unicode_ci;
/*!40101 SET character_set_client = @saved_cs_client */;

--
-- Dumping data for table `jc_plan_copy`
--

LOCK TABLES `jc_plan_copy` WRITE;
/*!40000 ALTER TABLE `jc_plan_copy` DISABLE KEYS */;
INSERT INTO `jc_plan_copy` VALUES ('005edbe7-8a85-4ffb-98a9-9a55b2ad541e','38604','马三家','2017-07-26 05:21:00','XD06',1.3,'5256986','5256986.49',NULL,'2017-07-26 05:13:00','接车'),('008e1e80-6a40-4c20-893d-1f104f849187','X1441','马三家','2017-07-26 02:00:00','XZ01',2.4,'5256954','5256954.22','JVU批快','2017-07-26 01:52:00','接车'),('00c274ec-48e0-4661-9b02-945ad197a57b','38604','马三家','2017-07-26 05:21:00','XD06',1.3,'5256986','5256986.32','局令：9873','2017-07-26 05:13:00','接车'),('010ab258-e02b-4e08-8d21-d6c33300fbfa','89029','马三家','2017-07-26 01:35:00','XD06',1.6,'5256814','5256814.12',NULL,'2017-07-26 01:27:00','接车'),('012544e7-bcc1-4825-9f1a-827cd81a60f2','85301','马三家','2017-07-26 02:30:00','XD04',1.1,'5256959','5256959.64','G2U 总包','2017-07-26 02:22:00','接车'),('0164fa01-c29a-482e-bc0f-dcbd177206f2','44153','马三家','2017-07-26 00:10:00','XD05',1.2,'5256913','5256913.55',NULL,'2017-07-26 00:02:00','接车'),('01b6fc73-a1d4-4265-bdfd-f78f4824b426','11041','马三家','2017-07-26 03:50:00','XB01',1.2,'5256970','5256970.2',NULL,'2017-07-26 03:42:00','接车'),('01e77db3-1a85-4aed-85ae-a9fd6886a88e','85301','马三家','2017-07-26 02:30:00','XD04',1.1,'5256959','5256959.18',NULL,'2017-07-26 02:22:00','接车'),('022a320f-9962-4e73-b052-e81aabe6b6e9','89029','马三家','2017-07-26 01:35:00','XD06',1.5,'5256814','5256814.4',NULL,'2017-07-26 01:27:00','接车'),('03387108-78ea-4d9f-85cd-dd8e75c84199','38604','马三家','2017-07-26 05:21:00','XD06',1.3,'5256986','5256986.5',NULL,'2017-07-26 05:13:00','接车'),('03760312-18fd-4ebe-93b2-d9410f13f09c','11041','马三家','2017-07-26 03:50:00','XB01',1.2,'5256970','5256970.1','直06/04','2017-07-26 03:42:00','接车'),('0417f1ce-395c-48dc-a277-6b1a7e91025b','89029','马三家','2017-07-26 01:35:00','XD06',1.5,'5256814','5256814.3',NULL,'2017-07-26 01:27:00','接车'),('04d86737-7f4d-4803-9572-18ac5bbfad99','44153','马三家','2017-07-26 00:10:00','XD05',1.1,'5256913','5256913.22',NULL,'2017-07-26 00:02:00','接车'),('0578cf0b-f2e7-4f0c-a8f3-7572738a1777','28627','马三家','2017-07-25 23:35:00','XB01',2.4,'5256775','5256775.3','JV? 令0403-23','2017-07-25 23:27:00','接车'),('0601c62e-a1a6-4434-b881-d95e0f6fdcf1','28601','马三家','2017-07-26 04:30:00','XD05',1.3,'5256901','5256901.62',NULL,'2017-07-26 04:22:00','接车'),('07edd383-31bb-4a40-b0d9-d47a3f120553','38604','马三家','2017-07-26 05:21:00','XD06',1.3,'5256986','5256986.46',NULL,'2017-07-26 05:13:00','接车'),('081a5908-b953-46a1-99d8-72cabddca7ce','85301','马三家','2017-07-26 02:30:00','XD04',1.1,'5256959','5256959.32','G2U 总包','2017-07-26 02:22:00','接车'),('08903ae2-24f9-41c0-9c74-881f409462b6','11041','马三家','2017-07-26 03:50:00','XB01',1.3,'5256970','5256970.65','哈敞 敞顶箱','2017-07-26 03:42:00','接车'),('08ed2828-0026-42bb-9220-b6151cc356c3','44153','马三家','2017-07-26 00:10:00','XD05',1.2,'5256913','5256913.47','null 零快','2017-07-26 00:02:00','接车'),('09553e07-6ccd-40fb-ab82-fed45d310fad','89003','马三家','2017-07-26 04:02:00','XD03',1.5,'5256909','5256909.12',NULL,'2017-07-26 03:54:00','接车'),('099b060b-ffc6-4c25-858b-810d7ccffe91','89029','马三家','2017-07-26 01:35:00','XD06',1.5,'5256814','5256814.24',NULL,'2017-07-26 01:27:00','接车'),('09d4c777-b5d4-4b6f-b051-f4caecb43923','44153','马三家','2017-07-26 00:10:00','XD05',1.1,'5256913','5256913.37',NULL,'2017-07-26 00:02:00','接车'),('0a3dd3ac-0c6b-49cf-8ea2-46a9e6b2ae85','28627','马三家','2017-07-25 23:35:00','XB01',2.4,'5256775','5256775.5','JV? 令0403-23','2017-07-25 23:27:00','接车'),('0a52596d-73df-4836-bb76-c2d3a8ab5683','28601','马三家','2017-07-26 04:30:00','XD05',1.3,'5256901','5256901.60',NULL,'2017-07-26 04:22:00','接车'),('0ae83834-f0a0-4acb-96ed-d39e492f0930','85301','马三家','2017-07-26 02:30:00','XD04',1.1,'5256959','5256959.28','G2U 总包','2017-07-26 02:22:00','接车'),('0b1388e3-d872-446b-90dd-f7fdde5fd54e','89029','马三家','2017-07-26 01:35:00','XD06',1.5,'5256814','5256814.42',NULL,'2017-07-26 01:27:00','接车'),('0b1eda69-09bf-4ca0-8c2b-1646c596a96f','28601','马三家','2017-07-26 04:30:00','XD05',1.2,'5256901','5256901.59',NULL,'2017-07-26 04:22:00','接车'),('0b26f5e0-4313-42fe-baf6-4093145ec165','85301','马三家','2017-07-26 02:30:00','XD04',1.1,'5256959','5256959.36','G2U 总包','2017-07-26 02:22:00','接车'),('0c5e555b-0dfe-4972-955c-e32e17cef204','89029','马三家','2017-07-26 01:35:00','XD06',1.6,'5256814','5256814.27',NULL,'2017-07-26 01:27:00','接车'),('0d5edaee-78ad-43ed-9d52-c20b93e047f6','89001','马三家','2017-07-26 04:59:00','XD04',1.6,'5256900','5256900.30',NULL,'2017-07-26 04:51:00','接车'),('0d8ed4fd-6024-4df7-bdd6-3b019797a5e9','28601','马三家','2017-07-26 04:30:00','XD05',1.3,'5256901','5256901.31',NULL,'2017-07-26 04:22:00','接车'),('0da03881-f9f1-4e38-a15e-e3a7101f7939','85301','马三家','2017-07-26 02:30:00','XD04',1.6,'5256959','5256959.9','F快运批快总包','2017-07-26 02:22:00','接车'),('0db28e2b-0225-46f5-a969-df428f7f5b91','89029','马三家','2017-07-26 01:35:00','XD06',1.5,'5256814','5256814.36',NULL,'2017-07-26 01:27:00','接车'),('0e4b2f5f-e2b2-4373-8a0e-3500754f00d2','11041','马三家','2017-07-26 03:50:00','XB01',1.2,'5256970','5256970.45','哈敞 敞顶箱','2017-07-26 03:42:00','接车'),('0e6a4329-3683-4b7a-8ef5-97b285c2a668','89001','马三家','2017-07-26 04:59:00','XD04',1.6,'5256900','5256900.4',NULL,'2017-07-26 04:51:00','接车'),('0ed34016-85f0-4a17-9366-183cde9d49fe','89001','马三家','2017-07-26 04:59:00','XD04',1.5,'5256900','5256900.49',NULL,'2017-07-26 04:51:00','接车'),('0f534ed6-e14b-4e86-9bb5-494437f75bc1','X1441','马三家','2017-07-26 02:00:00','XZ01',2.4,'5256954','5256954.24','JVU批快','2017-07-26 01:52:00','接车'),('0f60cf8d-500c-439a-952c-7a6eaaf02b4a','28601','马三家','2017-07-26 04:30:00','XD05',1.2,'5256901','5256901.35',NULL,'2017-07-26 04:22:00','接车'),('0f714f1b-39dc-4018-82a2-9ab1afb54ab6','89029','马三家','2017-07-26 01:35:00','XD06',1.5,'5256814','5256814.25',NULL,'2017-07-26 01:27:00','接车'),('0fa52e1c-aed7-420b-93c4-b18ba478cf77','89029','马三家','2017-07-26 01:35:00','XD06',1.5,'5256814','5256814.54',NULL,'2017-07-26 01:27:00','接车'),('102f8740-ddfa-41f8-8942-1a0252fd7057','85301','马三家','2017-07-26 02:30:00','XD04',1.1,'5256959','5256959.61','G2U 总包','2017-07-26 02:22:00','接车'),('10b5c3b4-d929-4586-9afe-3a5b4747f5fe','89001','马三家','2017-07-26 04:59:00','XD04',1.6,'5256900','5256900.34',NULL,'2017-07-26 04:51:00','接车'),('10e334ec-bb56-48f2-95cf-a6279a405030','28601','马三家','2017-07-26 04:30:00','XD05',1.2,'5256901','5256901.1','直08/06','2017-07-26 04:22:00','接车'),('118c6545-e5c1-4bf0-bd25-f62a31eba04e','44153','马三家','2017-07-26 00:10:00','XD05',1.2,'5256913','5256913.56',NULL,'2017-07-26 00:02:00','接车'),('121f4c67-1179-4f3c-a959-34b1fde36880','89001','马三家','2017-07-26 04:59:00','XD04',1.6,'5256900','5256900.9',NULL,'2017-07-26 04:51:00','接车'),('14138834-6118-41d0-aca8-89707440f5d0','85301','马三家','2017-07-26 02:30:00','XD04',1.1,'5256959','5256959.54','G2U 总包','2017-07-26 02:22:00','接车'),('148fa14d-4ecb-4222-9500-ec7227e98b43','44153','马三家','2017-07-26 00:10:00','XD05',1.2,'5256913','5256913.9',NULL,'2017-07-26 00:02:00','接车'),('15072fde-4d78-498a-af32-7548360fa104','85301','马三家','2017-07-26 02:30:00','XD04',1.1,'5256959','5256959.62','G2U 总包','2017-07-26 02:22:00','接车'),('1557c183-2d94-419a-927f-b147af5de226','89001','马三家','2017-07-26 04:59:00','XD04',1.5,'5256900','5256900.51',NULL,'2017-07-26 04:51:00','接车'),('15a99838-154e-45a7-aad2-cff040133176','11041','马三家','2017-07-26 03:50:00','XB01',1.2,'5256970','5256970.50','哈敞 敞顶箱','2017-07-26 03:42:00','接车'),('164565e5-e170-4f29-979e-0df0506c71bd','X1425','马三家','2017-07-26 03:09:00','XZ01',2.4,'5256488','5256488.12','禁止溜放成组不摘','2017-07-26 03:01:00','接车'),('167c063d-d61d-490a-97d7-8274f1605a91','85301','马三家','2017-07-26 02:30:00','XD04',1.1,'5256959','5256959.44','G2U 总包','2017-07-26 02:22:00','接车'),('171d381a-73e1-44f5-8b80-6b6880d613ba','28601','马三家','2017-07-26 04:30:00','XD05',1.2,'5256901','5256901.37',NULL,'2017-07-26 04:22:00','接车'),('17b67beb-a314-4ec0-be1b-ad9f5b549671','11041','马三家','2017-07-26 03:50:00','XB01',1.2,'5256970','5256970.52','哈敞 敞顶箱','2017-07-26 03:42:00','接车'),('186e2168-b9a4-4c3e-80bc-b87efcada2ba','28601','马三家','2017-07-26 04:30:00','XD05',1.2,'5256901','5256901.40',NULL,'2017-07-26 04:22:00','接车'),('19450fb4-dc8f-4b49-9fbd-bce21e6038da','85301','马三家','2017-07-26 02:30:00','XD04',1.5,'5256959','5256959.7','F','2017-07-26 02:22:00','接车'),('199f7ec2-3a1c-4a50-af72-16b60428b5fa','11041','马三家','2017-07-26 03:50:00','XB01',1.3,'5256970','5256970.33','哈敞 敞顶箱','2017-07-26 03:42:00','接车'),('19dc17ef-2b59-4ff8-9eb4-0668fda184d1','28601','马三家','2017-07-26 04:30:00','XD05',1.3,'5256901','5256901.52',NULL,'2017-07-26 04:22:00','接车'),('19f6a6d2-17d1-480f-ad8d-4fa4fdd9bccb','11041','马三家','2017-07-26 03:50:00','XB01',1.3,'5256970','5256970.57','哈敞 敞顶箱','2017-07-26 03:42:00','接车'),('1a68167a-a385-4939-8f43-237aaf5c44d0','28601','马三家','2017-07-26 04:30:00','XD05',1.2,'5256901','5256901.23',NULL,'2017-07-26 04:22:00','接车'),('1b79685a-db04-45fb-9091-5334a5ccf97a','44153','马三家','2017-07-26 00:10:00','XD05',1.1,'5256913','5256913.24',NULL,'2017-07-26 00:02:00','接车'),('1c75d274-2b09-472c-9e1e-3b5f973dc8fb','38604','马三家','2017-07-26 05:21:00','XD06',1.3,'5256986','5256986.44',NULL,'2017-07-26 05:13:00','接车'),('1d34d39b-adf1-4968-8f3a-1f94594b0239','11041','马三家','2017-07-26 03:50:00','XB01',1.3,'5256970','5256970.49','哈敞 敞顶箱','2017-07-26 03:42:00','接车'),('1d766807-1a37-4b06-8a50-a1724b3f5720','38604','马三家','2017-07-26 05:21:00','XD06',1.3,'5256986','5256986.4',NULL,'2017-07-26 05:13:00','接车'),('1d9166a8-03cf-40b7-b423-05b0bd0f1de3','85301','马三家','2017-07-26 02:30:00','XD04',1.1,'5256959','5256959.41','G2U 总包','2017-07-26 02:22:00','接车'),('1eb60332-280c-4c69-834f-362529b14582','38604','马三家','2017-07-26 05:21:00','XD06',1.6,'5256986','5256986.16','F','2017-07-26 05:13:00','接车'),('1f61c7b4-7901-450e-885f-f51a976490ec','44153','马三家','2017-07-26 00:10:00','XD05',1.3,'5256913','5256913.50',NULL,'2017-07-26 00:02:00','接车'),('2002d8b9-59e6-4f68-99d4-bde0d8bc1a8b','89003','马三家','2017-07-26 04:02:00','XD03',1.5,'5256909','5256909.53',NULL,'2017-07-26 03:54:00','接车'),('204c4eab-50f1-4889-a686-744df4bcce1c','11041','马三家','2017-07-26 03:50:00','XB01',1.2,'5256970','5256970.47','哈敞 敞顶箱','2017-07-26 03:42:00','接车'),('20c24d4d-f8bf-4293-85ad-dc8fb01fea08','11041','马三家','2017-07-26 03:50:00','XB01',1.3,'5256970','5256970.40','哈敞 敞顶箱','2017-07-26 03:42:00','接车'),('2101d681-987c-4ebd-b391-919cf153ecf5','28601','马三家','2017-07-26 04:30:00','XD05',1.2,'5256901','5256901.26',NULL,'2017-07-26 04:22:00','接车'),('21944bc2-2563-4cfe-8ea1-71790424ca58','89003','马三家','2017-07-26 04:02:00','XD03',1.5,'5256909','5256909.21',NULL,'2017-07-26 03:54:00','接车'),('21b6cc3a-1b71-4ac0-b392-defed5e6b8fb','H72075B','马三家','2017-07-26 05:03:00','XZ01',0,NULL,NULL,NULL,'2017-07-26 04:55:00','接车'),('22022c16-fead-4ad5-82ca-d45ec106b15d','28601','马三家','2017-07-26 04:30:00','XD05',1.3,'5256901','5256901.8',NULL,'2017-07-26 04:22:00','接车'),('220d7c7b-e361-4bc3-93b7-2983cd4ba6f8','11041','马三家','2017-07-26 03:50:00','XB01',1.2,'5256970','5256970.27','哈敞 敞顶箱','2017-07-26 03:42:00','接车'),('2317b1ec-1845-48cd-9f0b-37110f68aaa5','89029','马三家','2017-07-26 01:35:00','XD06',1.6,'5256814','5256814.48',NULL,'2017-07-26 01:27:00','接车'),('23400a33-b54e-4b8a-9ef2-a8c44ce56e2b','89001','马三家','2017-07-26 04:59:00','XD04',1.5,'5256900','5256900.47',NULL,'2017-07-26 04:51:00','接车'),('23730285-d2bb-40b0-9467-2282e675d75a','38604','马三家','2017-07-26 05:21:00','XD06',1.5,'5256986','5256986.14','F△Ｂ','2017-07-26 05:13:00','接车'),('23e80876-4e03-4534-9138-155e039f509c','44153','马三家','2017-07-26 00:10:00','XD05',1.1,'5256913','5256913.28',NULL,'2017-07-26 00:02:00','接车'),('23e82e46-8cc3-4f89-9dc6-e36f2e2de052','89029','马三家','2017-07-26 01:35:00','XD06',1.5,'5256814','5256814.51',NULL,'2017-07-26 01:27:00','接车'),('240d3c74-1bf6-496c-9abe-c7a1c17cd9f0','85301','马三家','2017-07-26 02:30:00','XD04',1.1,'5256959','5256959.33','G2U 总包','2017-07-26 02:22:00','接车'),('2485f658-d84b-48c2-9319-4874855f301c','X1425','马三家','2017-07-26 03:09:00','XZ01',2.4,'5256488','5256488.6','禁止溜放成组不摘','2017-07-26 03:01:00','接车'),('24dc8821-8829-408f-80c5-d10ef2ba5fcb','38604','马三家','2017-07-26 05:21:00','XD06',1.3,'5256986','5256986.13',NULL,'2017-07-26 05:13:00','接车'),('258efc7b-0840-43b1-bcc1-1acd425fa799','X1441','马三家','2017-07-26 02:00:00','XZ01',2.4,'5256954','5256954.23','JVU批快','2017-07-26 01:52:00','接车'),('270f8c6b-697b-4dc3-8a48-817f4e569345','X1441','马三家','2017-07-26 02:00:00','XZ01',2.4,'5256954','5256954.26','JVU批快','2017-07-26 01:52:00','接车'),('27aca77f-3b2b-4826-bf39-953512368eaf','38604','马三家','2017-07-26 05:21:00','XD06',1.3,'5256986','5256986.38',NULL,'2017-07-26 05:13:00','接车'),('283ae5b5-ebb7-4655-8bb8-7ef6f4851443','44153','马三家','2017-07-26 00:10:00','XD05',1.2,'5256913','5256913.42','null 零快','2017-07-26 00:02:00','接车'),('284c0f70-a74d-4d20-94c2-cdcb3db3f022','X1425','马三家','2017-07-26 03:09:00','XZ01',2.4,'5256488','5256488.8','禁止溜放成组不摘','2017-07-26 03:01:00','接车'),('28814d87-4dfa-48cb-b9ed-0309ac77f97f','89003','马三家','2017-07-26 04:02:00','XD03',1.6,'5256909','5256909.39',NULL,'2017-07-26 03:54:00','接车'),('28a36c8f-248d-4f30-8328-9b4bb07a2cec','89003','马三家','2017-07-26 04:02:00','XD03',1.5,'5256909','5256909.44',NULL,'2017-07-26 03:54:00','接车'),('29a8c8d6-57fa-446d-949f-4fe47b8c45ef','28601','马三家','2017-07-26 04:30:00','XD05',1.5,'5256901','5256901.3','F','2017-07-26 04:22:00','接车'),('2a0cdd75-cba5-4847-bcb7-d499c8457e13','X1441','马三家','2017-07-26 02:00:00','XZ01',2.4,'5256954','5256954.1','JVU批快','2017-07-26 01:52:00','接车'),('2a12007b-764d-407f-9425-7b3e3ace043a','28627','马三家','2017-07-25 23:35:00','XB01',2.4,'5256775','5256775.25','JV? 令0403-23','2017-07-25 23:27:00','接车'),('2a6632fe-d522-487a-93e8-bc7b7413d1a3','44153','马三家','2017-07-26 00:10:00','XD05',1.3,'5256913','5256913.62',NULL,'2017-07-26 00:02:00','接车'),('2b256ae2-7bd9-4a25-8d2f-7faefd87335d','28601','马三家','2017-07-26 04:30:00','XD05',1.3,'5256901','5256901.50',NULL,'2017-07-26 04:22:00','接车'),('2b3d977c-85b8-4038-90c2-57b851cdf587','89003','马三家','2017-07-26 04:02:00','XD03',1.5,'5256909','5256909.20',NULL,'2017-07-26 03:54:00','接车'),('2b80f7be-9510-4959-a7cd-a29b4cf0cfac','17503','马三家','2017-07-25 23:30:00','XZ03',0,NULL,NULL,NULL,'2017-07-25 23:22:00','接车'),('2b98d7ee-c099-4b8b-a4d9-804cd5c28f87','X1441','马三家','2017-07-26 02:00:00','XZ01',2.4,'5256954','5256954.12','JVU批快','2017-07-26 01:52:00','接车'),('2bba261a-88a3-4b8a-90f8-897a8752fd52','28601','马三家','2017-07-26 04:30:00','XD05',1.2,'5256901','5256901.16',NULL,'2017-07-26 04:22:00','接车'),('2bfd4465-2a7f-4f8e-ab28-c04fbbfde4dc','85301','马三家','2017-07-26 02:30:00','XD04',1.3,'5256959','5256959.19',NULL,'2017-07-26 02:22:00','接车'),('2ce87c9c-8342-4b49-8d8f-75b9bdfa55a2','11041','马三家','2017-07-26 03:50:00','XB01',1.2,'5256970','5256970.18',NULL,'2017-07-26 03:42:00','接车'),('2d14a638-697c-4108-9e73-4c111cacd47b','28627','马三家','2017-07-25 23:35:00','XB01',2.4,'5256775','5256775.6','JV? 令0403-23','2017-07-25 23:27:00','接车'),('2d665a84-b800-49df-968e-ff03746a29eb','44153','马三家','2017-07-26 00:10:00','XD05',1.2,'5256913','5256913.49',NULL,'2017-07-26 00:02:00','接车'),('2e249103-31c3-4bae-a95d-faff5402c617','11041','马三家','2017-07-26 03:50:00','XB01',1.3,'5256970','5256970.41','哈敞 敞顶箱','2017-07-26 03:42:00','接车'),('2e2e882d-808e-4b9c-883f-172df7f01490','44153','马三家','2017-07-26 00:10:00','XD05',1.3,'5256913','5256913.39','null 零快','2017-07-26 00:02:00','接车'),('2ee1175f-f716-429c-a5c2-7d351b64cfeb','28601','马三家','2017-07-26 04:30:00','XD05',1.2,'5256901','5256901.18',NULL,'2017-07-26 04:22:00','接车'),('2fd1aec2-bea2-4a30-b774-817b94174ef0','X1425','马三家','2017-07-26 03:09:00','XZ01',2.4,'5256488','5256488.20','禁止溜放成组不摘','2017-07-26 03:01:00','接车'),('303bfe3c-9f0b-425c-b0b2-7f8982664835','28601','马三家','2017-07-26 04:30:00','XD05',1.2,'5256901','5256901.32',NULL,'2017-07-26 04:22:00','接车'),('3066dbd5-d94e-48c1-8981-7ad705afadfb','44153','马三家','2017-07-26 00:10:00','XD05',1.1,'5256913','5256913.17',NULL,'2017-07-26 00:02:00','接车'),('309c3bdd-1853-4f66-8fcb-8875fe7dd6ea','11041','马三家','2017-07-26 03:50:00','XB01',1.2,'5256970','5256970.60','哈敞 敞顶箱','2017-07-26 03:42:00','接车'),('31466683-a447-4ff5-bd86-3b9ae33723a9','89001','马三家','2017-07-26 04:59:00','XD04',1.6,'5256900','5256900.12',NULL,'2017-07-26 04:51:00','接车'),('3207bac2-de46-494a-b892-55cb3772e574','38604','马三家','2017-07-26 05:21:00','XD06',1.3,'5256986','5256986.10',NULL,'2017-07-26 05:13:00','接车'),('323ef072-c3b5-4567-827b-1d8c5801d0fb','38604','马三家','2017-07-26 05:21:00','XD06',1.3,'5256986','5256986.51',NULL,'2017-07-26 05:13:00','接车'),('3248b361-1a3e-4406-9e5a-ee61d8633e25','85301','马三家','2017-07-26 02:30:00','XD04',1.1,'5256959','5256959.21','G2U 总包','2017-07-26 02:22:00','接车'),('32dd04b8-4354-433a-a1bd-9142c702ca2e','38604','马三家','2017-07-26 05:21:00','XD06',1.3,'5256986','5256986.19','局令：9873','2017-07-26 05:13:00','接车'),('33dafa0e-b5fc-4d46-bc57-ea2bb981cbab','28627','马三家','2017-07-25 23:35:00','XB01',2.4,'5256775','5256775.28','JV? 令0403-23','2017-07-25 23:27:00','接车'),('33f19e55-d2fd-405a-a7ba-d7d102a04559','89001','马三家','2017-07-26 04:59:00','XD04',1.6,'5256900','5256900.45',NULL,'2017-07-26 04:51:00','接车'),('340617c4-6a04-479d-acf6-586fc5644a18','28627','马三家','2017-07-25 23:35:00','XB01',2.4,'5256775','5256775.2','JV? 令0403-23','2017-07-25 23:27:00','接车'),('340e587c-842d-4aee-a068-9db3bf7e0c07','44153','马三家','2017-07-26 00:10:00','XD05',1.6,'5256913','5256913.3','F  LK','2017-07-26 00:02:00','接车'),('3412bed0-eb8d-40b1-a668-08d214c98382','X1425','马三家','2017-07-26 03:09:00','XZ01',2.4,'5256488','5256488.3','禁止溜放成组不摘','2017-07-26 03:01:00','接车'),('34b8a154-76aa-4341-a744-ff8a0df12808','89029','马三家','2017-07-26 01:35:00','XD06',1.6,'5256814','5256814.38',NULL,'2017-07-26 01:27:00','接车'),('34fadcd1-9611-49b3-bbbc-1c48fefe9f65','89001','马三家','2017-07-26 04:59:00','XD04',1.5,'5256900','5256900.26',NULL,'2017-07-26 04:51:00','接车'),('35e19bf0-4247-426f-8a0a-3f9984d5f2f0','38604','马三家','2017-07-26 05:21:00','XD06',1.3,'5256986','5256986.3',NULL,'2017-07-26 05:13:00','接车'),('36ad87f8-bdb0-475d-a839-b64936636d7e','44153','马三家','2017-07-26 00:10:00','XD05',1.1,'5256913','5256913.16',NULL,'2017-07-26 00:02:00','接车'),('36aff772-8d78-4544-81ed-4b92a888fedc','89003','马三家','2017-07-26 04:02:00','XD03',1.5,'5256909','5256909.47',NULL,'2017-07-26 03:54:00','接车'),('36d0a316-b31e-43f7-844e-5f973cac4617','28601','马三家','2017-07-26 04:30:00','XD05',1.3,'5256901','5256901.12',NULL,'2017-07-26 04:22:00','接车'),('371ce877-079f-4f2e-bc26-f9befc1d6676','85301','马三家','2017-07-26 02:30:00','XD04',1.5,'5256959','5256959.70','总包FJ批快快运','2017-07-26 02:22:00','接车'),('37ad5841-f752-4a22-b6fe-4c08f9053868','44153','马三家','2017-07-26 00:10:00','XD05',1.2,'5256913','5256913.40','null 零快','2017-07-26 00:02:00','接车'),('3802f1e0-7749-485b-9f44-10335eeec9e5','85301','马三家','2017-07-26 02:30:00','XD04',1.1,'5256959','5256959.48','G2U 总包','2017-07-26 02:22:00','接车'),('3969d899-950e-4f45-a78d-c7b46e934b09','85301','马三家','2017-07-26 02:30:00','XD04',1.1,'5256959','5256959.42','G2U 总包','2017-07-26 02:22:00','接车'),('39b0bd27-ec6c-4f1c-83b6-21f38e7faa7c','85301','马三家','2017-07-26 02:30:00','XD04',1.1,'5256959','5256959.57','G2U 总包','2017-07-26 02:22:00','接车'),('39e0c95c-900f-4489-81f2-b4e36d3baf87','28627','马三家','2017-07-25 23:35:00','XB01',1.2,'5256775','5256775.35','空','2017-07-25 23:27:00','接车'),('39e6c738-1250-431e-8e96-504a67ba40a5','89003','马三家','2017-07-26 04:02:00','XD03',1.5,'5256909','5256909.33',NULL,'2017-07-26 03:54:00','接车'),('39f5d3c2-6569-4504-a63c-2793b0965369','89003','马三家','2017-07-26 04:02:00','XD03',1.5,'5256909','5256909.34',NULL,'2017-07-26 03:54:00','接车'),('3aefd1f1-c6cb-4c0a-855d-e9a484bce832','28627','马三家','2017-07-25 23:35:00','XB01',2.4,'5256775','5256775.22','JV? 令0403-23','2017-07-25 23:27:00','接车'),('3b29f32b-0fae-4cef-aa36-576df84c7a5b','38604','马三家','2017-07-26 05:21:00','XD06',1.3,'5256986','5256986.62','令86382沈敞','2017-07-26 05:13:00','接车'),('3c4b1db9-0649-4488-a6a2-f5368db8da0b','89003','马三家','2017-07-26 04:02:00','XD03',1.6,'5256909','5256909.50',NULL,'2017-07-26 03:54:00','接车'),('3ca20991-1403-41fc-bcfd-016d7c157e4f','28601','马三家','2017-07-26 04:30:00','XD05',1.2,'5256901','5256901.39',NULL,'2017-07-26 04:22:00','接车'),('3cce74e7-2dd2-4b8c-a9f7-4f4cc1b8f773','11041','马三家','2017-07-26 03:50:00','XB01',1.3,'5256970','5256970.53','哈敞 敞顶箱','2017-07-26 03:42:00','接车'),('3dc1b924-3c2f-4849-a109-c140aca6b557','11041','马三家','2017-07-26 03:50:00','XB01',1.3,'5256970','5256970.44','哈敞 敞顶箱','2017-07-26 03:42:00','接车'),('3e602ecb-ec33-49f6-a381-18f6d710fa31','28627','马三家','2017-07-25 23:35:00','XB01',2.4,'5256775','5256775.27','JV? 令0403-23','2017-07-25 23:27:00','接车'),('3ef1e1f7-1e8e-44d1-ba28-f3f1e1a0b6dc','89003','马三家','2017-07-26 04:02:00','XD03',1.5,'5256909','5256909.16',NULL,'2017-07-26 03:54:00','接车'),('3efccfbb-9e38-4a44-946d-03a4b9248cdf','38604','马三家','2017-07-26 05:21:00','XD06',1.3,'5256986','5256986.47',NULL,'2017-07-26 05:13:00','接车'),('3f3dcea5-1f89-4aca-920c-f888b2a9992d','11041','马三家','2017-07-26 03:50:00','XB01',1.2,'5256970','5256970.5',NULL,'2017-07-26 03:42:00','接车'),('3f5de1fd-7a8c-44bc-ac64-789d3e0e93bb','X1441','马三家','2017-07-26 02:00:00','XZ01',2.4,'5256954','5256954.7','JVU批快','2017-07-26 01:52:00','接车'),('3f63593a-b440-4a9a-bb52-0cd6f159fa1f','89003','马三家','2017-07-26 04:02:00','XD03',1.5,'5256909','5256909.31',NULL,'2017-07-26 03:54:00','接车'),('3f7f6387-b07a-4d2b-bc07-80e5edcd0951','44153','马三家','2017-07-26 00:10:00','XD05',1.1,'5256913','5256913.30',NULL,'2017-07-26 00:02:00','接车'),('405f6aff-c0a8-4b1d-b833-aae151d43ec5','89029','马三家','2017-07-26 01:35:00','XD06',1.6,'5256814','5256814.50',NULL,'2017-07-26 01:27:00','接车'),('41036097-8971-4fba-8712-858b3b541a63','38604','马三家','2017-07-26 05:21:00','XD06',1.3,'5256986','5256986.60','回沈厂检修车','2017-07-26 05:13:00','接车'),('413b0d6e-a915-4090-8627-53ad4d728695','X1441','马三家','2017-07-26 02:00:00','XZ01',2.4,'5256954','5256954.20','JVU批快','2017-07-26 01:52:00','接车'),('414380cf-eb45-4db9-902c-dfaf2521b014','89029','马三家','2017-07-26 01:35:00','XD06',1.5,'5256814','5256814.8',NULL,'2017-07-26 01:27:00','接车'),('4298cffb-424f-423a-a13c-8de378dee6be','89001','马三家','2017-07-26 04:59:00','XD04',1.6,'5256900','5256900.23',NULL,'2017-07-26 04:51:00','接车'),('42e28b59-06ec-4b9b-b062-ee8e8d58912f','28601','马三家','2017-07-26 04:30:00','XD05',1.3,'5256901','5256901.6',NULL,'2017-07-26 04:22:00','接车'),('430aa210-d82b-4afd-b807-14cd4c32a6a6','44153','马三家','2017-07-26 00:10:00','XD05',1.3,'5256913','5256913.6',NULL,'2017-07-26 00:02:00','接车'),('43c50ca0-92f6-4e8a-846c-c3dd2a951e6a','28601','马三家','2017-07-26 04:30:00','XD05',1.2,'5256901','5256901.48',NULL,'2017-07-26 04:22:00','接车'),('443054d6-5053-47b6-b2d6-94d40e61125d','38604','马三家','2017-07-26 05:21:00','XD06',1.3,'5256986','5256986.17','局令：9873','2017-07-26 05:13:00','接车'),('44eb62df-1837-4193-8a2a-682f9c813e0f','85301','马三家','2017-07-26 02:30:00','XD04',1.5,'5256959','5256959.8','F','2017-07-26 02:22:00','接车'),('450bf1f6-5cd7-4126-a46e-219a82f24529','85301','马三家','2017-07-26 02:30:00','XD04',1.1,'5256959','5256959.50','G2U 总包','2017-07-26 02:22:00','接车'),('456bca27-1176-4b58-86a5-d5b643a07be6','28601','马三家','2017-07-26 04:30:00','XD05',1.3,'5256901','5256901.47',NULL,'2017-07-26 04:22:00','接车'),('4637ade6-6758-4d94-be83-622d05c1e9a7','28601','马三家','2017-07-26 04:30:00','XD05',1.2,'5256901','5256901.30',NULL,'2017-07-26 04:22:00','接车'),('463de84a-408a-4e7c-9db1-7199af089510','85301','马三家','2017-07-26 02:30:00','XD04',1.2,'5256959','5256959.10','快运批快','2017-07-26 02:22:00','接车'),('4691fd7d-b978-4b06-b474-02929705a099','28627','马三家','2017-07-25 23:35:00','XB01',2.4,'5256775','5256775.18','JV? 令0403-23','2017-07-25 23:27:00','接车'),('4883d28b-3bf5-4c47-ba90-0b9c920a2227','28601','马三家','2017-07-26 04:30:00','XD05',1.2,'5256901','5256901.11',NULL,'2017-07-26 04:22:00','接车'),('48de95cd-e937-4d94-9a3d-ae2e4bd1dd90','89003','马三家','2017-07-26 04:02:00','XD03',1.5,'5256909','5256909.48',NULL,'2017-07-26 03:54:00','接车'),('4911c1cd-67ea-409f-b978-4330206a1880','11041','马三家','2017-07-26 03:50:00','XB01',1.3,'5256970','5256970.35','哈敞 敞顶箱','2017-07-26 03:42:00','接车'),('49d72fc4-ab9b-4808-95da-0de814090b52','11041','马三家','2017-07-26 03:50:00','XB01',1.2,'5256970','5256970.28','哈敞 敞顶箱','2017-07-26 03:42:00','接车'),('4a6bd44b-4671-4b27-806d-98df6513eed9','44153','马三家','2017-07-26 00:10:00','XD05',1.2,'5256913','5256913.7',NULL,'2017-07-26 00:02:00','接车'),('4a982aeb-1650-47be-aaa8-7048e389c256','11041','马三家','2017-07-26 03:50:00','XB01',1.3,'5256970','5256970.26',NULL,'2017-07-26 03:42:00','接车'),('4af7b4ca-edaf-4914-85f3-95b185f1343f','85301','马三家','2017-07-26 02:30:00','XD04',1.1,'5256959','5256959.23','G2U 总包','2017-07-26 02:22:00','接车'),('4b49f334-8677-41ae-aa6d-cdf90a81fcae','85301','马三家','2017-07-26 02:30:00','XD04',1.1,'5256959','5256959.40','G2U 总包','2017-07-26 02:22:00','接车'),('4b735430-92ba-42b4-ad46-1c380d7394a7','89003','马三家','2017-07-26 04:02:00','XD03',1.5,'5256909','5256909.38',NULL,'2017-07-26 03:54:00','接车'),('4c3ddae7-e5dc-48ef-bfd0-90861f126388','H84441','马三家','2017-07-26 01:22:00','XD03',0,NULL,NULL,NULL,'2017-07-26 01:14:00','接车'),('4c553d85-c30a-4024-8ca2-0f15f234ed83','28601','马三家','2017-07-26 04:30:00','XD05',1.2,'5256901','5256901.34',NULL,'2017-07-26 04:22:00','接车'),('4c6c1cf2-e2c1-43f9-8e1d-070366864ff2','44153','马三家','2017-07-26 00:10:00','XD05',1.1,'5256913','5256913.18',NULL,'2017-07-26 00:02:00','接车'),('4e11742a-5642-46a7-850c-323b29e9dadf','89001','马三家','2017-07-26 04:59:00','XD04',1.6,'5256900','5256900.13',NULL,'2017-07-26 04:51:00','接车'),('4e4048e8-64ff-4a24-980a-039952403449','44153','马三家','2017-07-26 00:10:00','XD05',1.3,'5256913','5256913.60',NULL,'2017-07-26 00:02:00','接车'),('4ec6f2ae-43e5-4963-b2a3-552e22a9f1af','89003','马三家','2017-07-26 04:02:00','XD03',1.6,'5256909','5256909.46',NULL,'2017-07-26 03:54:00','接车'),('4f6bb787-b3d0-469d-8ff6-a6617b0db713','89003','马三家','2017-07-26 04:02:00','XD03',1.5,'5256909','5256909.25',NULL,'2017-07-26 03:54:00','接车'),('4fcae55f-2052-46b5-9e6d-6e6ccad8b234','89029','马三家','2017-07-26 01:35:00','XD06',1.5,'5256814','5256814.15',NULL,'2017-07-26 01:27:00','接车'),('50173e69-4e49-4d9f-86d5-f9417206c19a','85301','马三家','2017-07-26 02:30:00','XD04',1.1,'5256959','5256959.45','G2U 总包','2017-07-26 02:22:00','接车'),('504f1819-dbbb-4eb9-83d9-bc194e7ca1a6','38604','马三家','2017-07-26 05:21:00','XD06',1.3,'5256986','5256986.53',NULL,'2017-07-26 05:13:00','接车'),('50a29eb2-eb2d-4699-9085-50eda5dd327a','89029','马三家','2017-07-26 01:35:00','XD06',1.5,'5256814','5256814.37',NULL,'2017-07-26 01:27:00','接车'),('50ef6aa6-d8d9-4670-909a-d5b885d503c3','89001','马三家','2017-07-26 04:59:00','XD04',1.6,'5256900','5256900.21',NULL,'2017-07-26 04:51:00','接车'),('51433bb4-d9ce-4279-8691-cc299138927f','89001','马三家','2017-07-26 04:59:00','XD04',1.5,'5256900','5256900.17',NULL,'2017-07-26 04:51:00','接车'),('517b99c3-50f4-4e66-bf8c-f4b7a8a2593c','85301','马三家','2017-07-26 02:30:00','XD04',1.1,'5256959','5256959.56','G2U 总包','2017-07-26 02:22:00','接车'),('52a4859f-455b-4761-9788-29e1e7e556f0','89029','马三家','2017-07-26 01:35:00','XD06',1.5,'5256814','5256814.53',NULL,'2017-07-26 01:27:00','接车'),('52cc8ce7-0b85-485b-8d1d-1f6b2c75ef16','11041','马三家','2017-07-26 03:50:00','XB01',1.3,'5256970','5256970.39','哈敞 敞顶箱','2017-07-26 03:42:00','接车'),('5421c2d0-61ef-47f9-bb17-ad21c4e05d18','89003','马三家','2017-07-26 04:02:00','XD03',1.6,'5256909','5256909.27',NULL,'2017-07-26 03:54:00','接车'),('57f0e470-9bfe-47d5-8fe8-dc23a27ae051','H84439','马三家','2017-07-26 00:41:00','XZ03',0,NULL,NULL,NULL,'2017-07-26 00:33:00','接车'),('58185330-a283-42ce-bbf0-d2a38b7a7c44','89001','马三家','2017-07-26 04:59:00','XD04',1.5,'5256900','5256900.10',NULL,'2017-07-26 04:51:00','接车'),('5853f57b-256c-439b-9473-98f158cdaee4','85301','马三家','2017-07-26 02:30:00','XD04',1.1,'5256959','5256959.37','G2U 总包','2017-07-26 02:22:00','接车'),('58dab0e6-e611-4169-a4b4-02f6937bf3e9','28627','马三家','2017-07-25 23:35:00','XB01',2.4,'5256775','5256775.21','JV? 令0403-23','2017-07-25 23:27:00','接车'),('592dce55-987d-4bd7-9394-887291c62373','85301','马三家','2017-07-26 02:30:00','XD04',1.1,'5256959','5256959.34','G2U 总包','2017-07-26 02:22:00','接车'),('598773d6-b8de-4aab-a03d-dcd8828c1d30','85301','马三家','2017-07-26 02:30:00','XD04',1.1,'5256959','5256959.69','G2U 总包','2017-07-26 02:22:00','接车'),('5a074ed7-b5da-45dc-953e-3d249698ad5e','44153','马三家','2017-07-26 00:10:00','XD05',1.5,'5256913','5256913.2','物流总包','2017-07-26 00:02:00','接车'),('5a76c0b5-cfe1-45f9-b0dd-4029e8c8a0a4','X1425','马三家','2017-07-26 03:09:00','XZ01',2.4,'5256488','5256488.2','禁止溜放成组不摘','2017-07-26 03:01:00','接车'),('5a84a172-fb52-492a-aa1f-c306766b2e13','38604','马三家','2017-07-26 05:21:00','XD06',1.3,'5256986','5256986.28','局令：9873','2017-07-26 05:13:00','接车'),('5b027e24-f829-4e2d-85a2-9948c173bcbc','28627','马三家','2017-07-25 23:35:00','XB01',1.2,'5256775','5256775.39','空','2017-07-25 23:27:00','接车'),('5b5de975-ae61-4ad4-b162-1c7b4564a2dc','X1425','马三家','2017-07-26 03:09:00','XZ01',2.4,'5256488','5256488.9','禁止溜放成组不摘','2017-07-26 03:01:00','接车'),('5b67ef65-7cc7-47bb-b5b4-446fa6eba4c9','38604','马三家','2017-07-26 05:21:00','XD06',1.3,'5256986','5256986.33',NULL,'2017-07-26 05:13:00','接车'),('5bd20686-fbe3-4054-b0d5-f1863623a722','85301','马三家','2017-07-26 02:30:00','XD04',1.1,'5256959','5256959.24','G2U 总包','2017-07-26 02:22:00','接车'),('5be4921c-1799-49cd-9814-9f0e0434712f','11041','马三家','2017-07-26 03:50:00','XB01',1.3,'5256970','5256970.15',NULL,'2017-07-26 03:42:00','接车'),('5be7af1d-eaf5-4537-bbaf-2c433703461a','44153','马三家','2017-07-26 00:10:00','XD05',1.6,'5256913','5256913.1',NULL,'2017-07-26 00:02:00','接车'),('5c50bb05-bed6-49da-81e6-f2030d722408','85301','马三家','2017-07-26 02:30:00','XD04',1.1,'5256959','5256959.59','G2U 总包','2017-07-26 02:22:00','接车'),('5c6b9ffb-1f40-46de-aa5a-8f74f240a14b','89003','马三家','2017-07-26 04:02:00','XD03',1.6,'5256909','5256909.11',NULL,'2017-07-26 03:54:00','接车'),('5ccaa692-38a1-4024-9ca8-1b98025131aa','38604','马三家','2017-07-26 05:21:00','XD06',1.3,'5256986','5256986.45',NULL,'2017-07-26 05:13:00','接车'),('5cef7baf-8b8e-48a1-bd20-a681210eb3e3','X1441','马三家','2017-07-26 02:00:00','XZ01',2.4,'5256954','5256954.2','JVU批快','2017-07-26 01:52:00','接车'),('5cf42752-757c-477d-9679-3debddb08287','X1425','马三家','2017-07-26 03:09:00','XZ01',2.4,'5256488','5256488.16','禁止溜放成组不摘','2017-07-26 03:01:00','接车'),('5d4b1525-4841-4568-8959-165c4500a133','11041','马三家','2017-07-26 03:50:00','XB01',1.3,'5256970','5256970.54','哈敞 敞顶箱','2017-07-26 03:42:00','接车'),('5d9000bf-ceae-48b7-83e0-b2e6c2895724','44153','马三家','2017-07-26 00:10:00','XD05',1.1,'5256913','5256913.19',NULL,'2017-07-26 00:02:00','接车'),('5de4052b-0796-47b5-a767-9acdbfcaebae','44153','马三家','2017-07-26 00:10:00','XD05',1.2,'5256913','5256913.41','null 零快','2017-07-26 00:02:00','接车'),('5f17ba69-19bf-48ff-a1ef-1ed0b0a940e6','38604','马三家','2017-07-26 05:21:00','XD06',1.3,'5256986','5256986.39',NULL,'2017-07-26 05:13:00','接车'),('5f58141c-162e-48c1-a246-df5d14303489','89001','马三家','2017-07-26 04:59:00','XD04',1.5,'5256900','5256900.6',NULL,'2017-07-26 04:51:00','接车'),('6017ede8-a09b-43f9-95d0-734f8b7bf954','85301','马三家','2017-07-26 02:30:00','XD04',1.2,'5256959','5256959.11','U批快快运总包','2017-07-26 02:22:00','接车'),('60cf1e42-5a47-4652-930c-d7adc26de286','11041','马三家','2017-07-26 03:50:00','XB01',1.3,'5256970','5256970.19',NULL,'2017-07-26 03:42:00','接车'),('61585002-fdd8-4644-bcce-ff88d766adc4','89001','马三家','2017-07-26 04:59:00','XD04',1.6,'5256900','5256900.39',NULL,'2017-07-26 04:51:00','接车'),('61634d98-60b6-423d-a030-4a6b4f074dc2','44153','马三家','2017-07-26 00:10:00','XD05',1.5,'5256913','5256913.65','F','2017-07-26 00:02:00','接车'),('6169fea6-f314-4ad0-a9c5-a9737b9a0550','28601','马三家','2017-07-26 04:30:00','XD05',1.3,'5256901','5256901.22',NULL,'2017-07-26 04:22:00','接车'),('61f12b7c-c488-4db2-9cd6-3f638122adb6','89029','马三家','2017-07-26 01:35:00','XD06',1.5,'5256814','5256814.19',NULL,'2017-07-26 01:27:00','接车'),('62a6d1a4-99ed-429b-941c-a763d999e7c7','89029','马三家','2017-07-26 01:35:00','XD06',1.5,'5256814','5256814.46',NULL,'2017-07-26 01:27:00','接车'),('638d6e2f-fd75-4db1-92e7-73cc2a59ca04','X1441','马三家','2017-07-26 02:00:00','XZ01',2.4,'5256954','5256954.25','JVU批快','2017-07-26 01:52:00','接车'),('6413dda2-5fcc-492f-99b7-5b3dac8031a3','28627','马三家','2017-07-25 23:35:00','XB01',2.4,'5256775','5256775.17','JV? 令0403-23','2017-07-25 23:27:00','接车'),('646c68e0-d357-4943-987f-8657ffd4d9cd','38604','马三家','2017-07-26 05:21:00','XD06',1.3,'5256986','5256986.7',NULL,'2017-07-26 05:13:00','接车'),('64e3775f-bcd5-450e-baf0-5b5d472e4316','11041','马三家','2017-07-26 03:50:00','XB01',1.3,'5256970','5256970.13',NULL,'2017-07-26 03:42:00','接车'),('6677d7dc-6abb-4e38-86b4-6e77854771c0','89003','马三家','2017-07-26 04:02:00','XD03',1.5,'5256909','5256909.42',NULL,'2017-07-26 03:54:00','接车'),('673a2626-3476-4843-ba4b-31a8498eea0d','38604','马三家','2017-07-26 05:21:00','XD06',1.3,'5256986','5256986.56',NULL,'2017-07-26 05:13:00','接车'),('691cd12f-641c-4fca-aeb1-224152bab7e2','28601','马三家','2017-07-26 04:30:00','XD05',1.2,'5256901','5256901.4',NULL,'2017-07-26 04:22:00','接车'),('6946c014-7dcd-4b95-b4bd-4e76a175b451','44153','马三家','2017-07-26 00:10:00','XD05',1.2,'5256913','5256913.61',NULL,'2017-07-26 00:02:00','接车'),('69ec0c8b-7a13-455a-b17c-ba4b1300c25d','89003','马三家','2017-07-26 04:02:00','XD03',1.5,'5256909','5256909.52',NULL,'2017-07-26 03:54:00','接车'),('6a191d50-6a2b-4c02-ac40-8701fd303a48','38604','马三家','2017-07-26 05:21:00','XD06',1.3,'5256986','5256986.55','批快','2017-07-26 05:13:00','接车'),('6a1f641c-b8b3-4129-8b2e-473b861529c8','89003','马三家','2017-07-26 04:02:00','XD03',1.5,'5256909','5256909.18',NULL,'2017-07-26 03:54:00','接车'),('6a57b149-5dc3-46fc-995a-20a6ca474119','89029','马三家','2017-07-26 01:35:00','XD06',1.5,'5256814','5256814.35',NULL,'2017-07-26 01:27:00','接车'),('6ac35c51-74b3-43ed-b296-e781129cd9eb','X1465','马三家','2017-07-25 23:57:00','XZ01',1.6,'5256982','5256982.4','DK 零快 沙岭','2017-07-25 23:49:00','接车'),('6adebc2c-c3c0-44f1-996c-bb886f669c63','38604','马三家','2017-07-26 05:21:00','XD06',1.3,'5256986','5256986.12',NULL,'2017-07-26 05:13:00','接车'),('6bcd560d-f1a2-451b-add9-e78fff20e9b3','28601','马三家','2017-07-26 04:30:00','XD05',1.2,'5256901','5256901.46',NULL,'2017-07-26 04:22:00','接车'),('6bcffa4e-b156-4387-b230-3aa5efdfedee','38604','马三家','2017-07-26 05:21:00','XD06',1.5,'5256986','5256986.34','F','2017-07-26 05:13:00','接车'),('6be7b95f-dfc4-4b12-8582-7f76814d290a','11041','马三家','2017-07-26 03:50:00','XB01',1.3,'5256970','5256970.11',NULL,'2017-07-26 03:42:00','接车'),('6c5befd5-f02d-48fa-b43f-191b583ea8a0','89003','马三家','2017-07-26 04:02:00','XD03',1.6,'5256909','5256909.17',NULL,'2017-07-26 03:54:00','接车'),('6d2477cb-2bb7-4bdd-9287-a17ff1ce46ff','89001','马三家','2017-07-26 04:59:00','XD04',1.6,'5256900','5256900.19',NULL,'2017-07-26 04:51:00','接车'),('6e49acd9-55e8-4ecc-8f3a-a08bc92d6151','44153','马三家','2017-07-26 00:10:00','XD05',1.1,'5256913','5256913.20',NULL,'2017-07-26 00:02:00','接车'),('6f2a34e3-b8f9-44c2-a244-6d03c4ca504d','X1441','马三家','2017-07-26 02:00:00','XZ01',2.4,'5256954','5256954.28','JVU批快','2017-07-26 01:52:00','接车'),('6f8ffaa7-2684-4803-92a5-d9cc967add31','28601','马三家','2017-07-26 04:30:00','XD05',1.3,'5256901','5256901.55',NULL,'2017-07-26 04:22:00','接车'),('6ff4a83e-e8bb-4476-9a23-c2e1648d2ae2','89029','马三家','2017-07-26 01:35:00','XD06',1.6,'5256814','5256814.49',NULL,'2017-07-26 01:27:00','接车'),('716c8015-90db-4013-8b09-611f858c663a','44153','马三家','2017-07-26 00:10:00','XD05',1.3,'5256913','5256913.10',NULL,'2017-07-26 00:02:00','接车'),('719c8f01-c5b5-4503-a7f7-8213ca60fed8','38604','马三家','2017-07-26 05:21:00','XD06',1.3,'5256986','5256986.15','厂修','2017-07-26 05:13:00','接车'),('71ea0d66-6675-4979-9446-147bcdccbec8','89029','马三家','2017-07-26 01:35:00','XD06',1.6,'5256814','5256814.22','绿线','2017-07-26 01:27:00','接车'),('728f31ec-f0a6-4731-be14-02e1ffa8e19a','89029','马三家','2017-07-26 01:35:00','XD06',1.6,'5256814','5256814.39',NULL,'2017-07-26 01:27:00','接车'),('72b709a0-ef40-4904-b0f4-865336636586','85301','马三家','2017-07-26 02:30:00','XD04',1.2,'5256959','5256959.13','批快快运','2017-07-26 02:22:00','接车'),('733efc29-e062-4835-a78e-1741690843a9','89003','马三家','2017-07-26 04:02:00','XD03',1.5,'5256909','5256909.35',NULL,'2017-07-26 03:54:00','接车'),('7414ef3d-52a6-4a14-b99f-609294b31934','89029','马三家','2017-07-26 01:35:00','XD06',1.6,'5256814','5256814.11',NULL,'2017-07-26 01:27:00','接车'),('74412aeb-3857-47be-80b9-98c952452be8','38604','马三家','2017-07-26 05:21:00','XD06',1.3,'5256986','5256986.8',NULL,'2017-07-26 05:13:00','接车'),('75c69743-0b31-4f57-a147-142f2fc0ea69','28627','马三家','2017-07-25 23:35:00','XB01',2.4,'5256775','5256775.7','JV? 令0403-23','2017-07-25 23:27:00','接车'),('75efcec7-2673-45b8-bfa3-98fb7f0508e1','89029','马三家','2017-07-26 01:35:00','XD06',1.6,'5256814','5256814.7',NULL,'2017-07-26 01:27:00','接车'),('7663cab3-e7aa-4cf8-a928-bbb8586ec959','28601','马三家','2017-07-26 04:30:00','XD05',1.3,'5256901','5256901.14',NULL,'2017-07-26 04:22:00','接车'),('76d5db36-69e7-40d6-bca1-352e7a0b2d2e','89003','马三家','2017-07-26 04:02:00','XD03',1.6,'5256909','5256909.29',NULL,'2017-07-26 03:54:00','接车'),('77abbb07-0a0a-4e17-bac2-9369b579949c','44153','马三家','2017-07-26 00:10:00','XD05',1.1,'5256913','5256913.15',NULL,'2017-07-26 00:02:00','接车'),('7804112f-9d80-47c5-9422-44f683e1aa35','11041','马三家','2017-07-26 03:50:00','XB01',1.5,'5256970','5256970.61','哈敞 敞顶箱','2017-07-26 03:42:00','接车'),('78873f8f-a80a-4102-84f8-ffdb2d4db46b','X1425','马三家','2017-07-26 03:09:00','XZ01',2.4,'5256488','5256488.18','禁止溜放成组不摘','2017-07-26 03:01:00','接车'),('78989dbf-2954-43e1-87c4-ff988ffb846a','44153','马三家','2017-07-26 00:10:00','XD05',1.3,'5256913','5256913.52',NULL,'2017-07-26 00:02:00','接车'),('78df5294-3aff-4152-8f81-3ac66c0b2d26','11041','马三家','2017-07-26 03:50:00','XB01',1.2,'5256970','5256970.51','哈敞 敞顶箱','2017-07-26 03:42:00','接车'),('79591b27-69eb-42f8-960b-aa50ee0d7c47','89003','马三家','2017-07-26 04:02:00','XD03',1.5,'5256909','5256909.40',NULL,'2017-07-26 03:54:00','接车'),('7a46b84d-bb4a-406a-8eb0-77a6187a3ce5','38604','马三家','2017-07-26 05:21:00','XD06',1.3,'5256986','5256986.35',NULL,'2017-07-26 05:13:00','接车'),('7b21641d-b4c4-4670-85ec-cd54288e0a0b','11041','马三家','2017-07-26 03:50:00','XB01',1.3,'5256970','5256970.32','哈敞 敞顶箱','2017-07-26 03:42:00','接车'),('7be6fd17-ce0d-4358-86e2-a8487ad8d30e','44153','马三家','2017-07-26 00:10:00','XD05',1.2,'5256913','5256913.57',NULL,'2017-07-26 00:02:00','接车'),('7c18a4bc-9f72-4a94-8a27-bcdc8da75654','11041','马三家','2017-07-26 03:50:00','XB01',1.3,'5256970','5256970.46','哈敞 敞顶箱','2017-07-26 03:42:00','接车'),('7ca0754d-e7d0-45ae-b2c1-c3a31e2841d9','11041','马三家','2017-07-26 03:50:00','XB01',1.3,'5256970','5256970.34','哈敞 敞顶箱','2017-07-26 03:42:00','接车'),('7e2e450c-ac80-44f7-a9f5-a41bc0ce29c2','44153','马三家','2017-07-26 00:10:00','XD05',1.1,'5256913','5256913.26',NULL,'2017-07-26 00:02:00','接车'),('7e415317-dd8d-41fa-8678-93a7307245f5','89003','马三家','2017-07-26 04:02:00','XD03',1.5,'5256909','5256909.23',NULL,'2017-07-26 03:54:00','接车'),('7e421401-a196-46d6-b194-872b87b3f855','89001','马三家','2017-07-26 04:59:00','XD04',1.5,'5256900','5256900.16',NULL,'2017-07-26 04:51:00','接车'),('7f186906-cd2a-4773-9b96-27ac44f7dfbb','38604','马三家','2017-07-26 05:21:00','XD06',1.3,'5256986','5256986.52',NULL,'2017-07-26 05:13:00','接车'),('8003a59f-175f-4680-87ec-7e7740e21bee','28601','马三家','2017-07-26 04:30:00','XD05',1.3,'5256901','5256901.5',NULL,'2017-07-26 04:22:00','接车'),('802d50f5-c8bd-4a3c-b5a8-e9a5c42023c8','89029','马三家','2017-07-26 01:35:00','XD06',1.5,'5256814','5256814.10',NULL,'2017-07-26 01:27:00','接车'),('8081d585-df7c-4ec1-b32a-0a100f1796ee','89001','马三家','2017-07-26 04:59:00','XD04',1.5,'5256900','5256900.37',NULL,'2017-07-26 04:51:00','接车'),('809d4b10-740e-4c28-bb16-60209d245f0d','28601','马三家','2017-07-26 04:30:00','XD05',1.3,'5256901','5256901.7',NULL,'2017-07-26 04:22:00','接车'),('80f33a11-d7af-4d1a-a62b-7237bb8a03d3','89001','马三家','2017-07-26 04:59:00','XD04',1.5,'5256900','5256900.8',NULL,'2017-07-26 04:51:00','接车'),('810aa888-7613-45ce-9185-7160ccf6503b','85301','马三家','2017-07-26 02:30:00','XD04',1.1,'5256959','5256959.63','G2U 总包','2017-07-26 02:22:00','接车'),('811ae21c-7b5b-4408-b70a-686a7ce403ea','85301','马三家','2017-07-26 02:30:00','XD04',1.1,'5256959','5256959.49','G2U 总包','2017-07-26 02:22:00','接车'),('812ae77a-baf9-462d-b58f-77117f276fa3','44153','马三家','2017-07-26 00:10:00','XD05',1.2,'5256913','5256913.58',NULL,'2017-07-26 00:02:00','接车'),('817157a6-fe9a-4796-b83d-39e6352610cd','89029','马三家','2017-07-26 01:35:00','XD06',1.5,'5256814','5256814.21',NULL,'2017-07-26 01:27:00','接车'),('817f785d-f8cb-433d-b95b-2a2dd7c1ae19','89003','马三家','2017-07-26 04:02:00','XD03',1.5,'5256909','5256909.10',NULL,'2017-07-26 03:54:00','接车'),('82a51755-1d27-4c20-b554-abb1dea73eb5','28627','马三家','2017-07-25 23:35:00','XB01',2.4,'5256775','5256775.30','JV? 令0403-23','2017-07-25 23:27:00','接车'),('83577d45-8236-4a9c-9b5a-ba7a2a23fb37','X1425','马三家','2017-07-26 03:09:00','XZ01',2.4,'5256488','5256488.4','禁止溜放成组不摘','2017-07-26 03:01:00','接车'),('83bdb635-c108-4cda-8c9b-2dc6d67ed63d','28601','马三家','2017-07-26 04:30:00','XD05',1.2,'5256901','5256901.36',NULL,'2017-07-26 04:22:00','接车'),('8498d3d2-0fa1-470c-9d0d-4751f25c4d6f','89029','马三家','2017-07-26 01:35:00','XD06',1.5,'5256814','5256814.20',NULL,'2017-07-26 01:27:00','接车'),('852c46d1-41c7-421c-8c78-b0bc5759d4d7','89003','马三家','2017-07-26 04:02:00','XD03',1.5,'5256909','5256909.37',NULL,'2017-07-26 03:54:00','接车'),('85718a7c-aa8b-4f6f-abc8-98f48e6525aa','38604','马三家','2017-07-26 05:21:00','XD06',1.3,'5256986','5256986.61','令86382沈敞','2017-07-26 05:13:00','接车'),('857fe0d7-73a8-40d9-8b14-7d4107d3eed2','28601','马三家','2017-07-26 04:30:00','XD05',1.3,'5256901','5256901.13',NULL,'2017-07-26 04:22:00','接车'),('861fbec8-fc27-4e24-b3ae-c76683c72ce5','85301','马三家','2017-07-26 02:30:00','XD04',1.1,'5256959','5256959.68','G2U 总包','2017-07-26 02:22:00','接车'),('865024b0-0966-4c83-bab2-7a4ac0fbffe3','85301','马三家','2017-07-26 02:30:00','XD04',1.1,'5256959','5256959.46','G2U 总包','2017-07-26 02:22:00','接车'),('876955b9-a03f-4182-b210-e2ea02bc847f','28601','马三家','2017-07-26 04:30:00','XD05',1.2,'5256901','5256901.44',NULL,'2017-07-26 04:22:00','接车'),('87a2e4da-2df4-40c1-9649-0dfc9be95146','89003','马三家','2017-07-26 04:02:00','XD03',1.5,'5256909','5256909.22',NULL,'2017-07-26 03:54:00','接车'),('87aec8ab-0e0a-41c9-9670-77b6c1ea7bc9','28627','马三家','2017-07-25 23:35:00','XB01',1.1,'5256775','5256775.33',NULL,'2017-07-25 23:27:00','接车'),('87bdfdca-689d-404d-80b7-f5af35168358','44153','马三家','2017-07-26 00:10:00','XD05',1.1,'5256913','5256913.38',NULL,'2017-07-26 00:02:00','接车'),('88546cd0-e66a-4351-bd6f-5bc7460a13f9','X1425','马三家','2017-07-26 03:09:00','XZ01',2.4,'5256488','5256488.13','禁止溜放成组不摘','2017-07-26 03:01:00','接车'),('8863a12b-20f0-4fcf-a5b8-7c274251d43f','85301','马三家','2017-07-26 02:30:00','XD04',1.6,'5256959','5256959.4',NULL,'2017-07-26 02:22:00','接车'),('88f95478-2c4a-4a24-a3e6-1d5814a27179','89001','马三家','2017-07-26 04:59:00','XD04',1.5,'5256900','5256900.28',NULL,'2017-07-26 04:51:00','接车'),('89071827-4295-4581-8e62-39c9f505daf7','44153','马三家','2017-07-26 00:10:00','XD05',1.1,'5256913','5256913.23',NULL,'2017-07-26 00:02:00','接车'),('89121747-3b68-4d7f-8822-0b487fc6c20b','28601','马三家','2017-07-26 04:30:00','XD05',1.2,'5256901','5256901.15',NULL,'2017-07-26 04:22:00','接车'),('8930b89a-aff9-42b3-a25b-2f61cc96c60c','11041','马三家','2017-07-26 03:50:00','XB01',1.2,'5256970','5256970.23',NULL,'2017-07-26 03:42:00','接车'),('897bf7b6-4a43-48b4-acef-b36da205555f','44153','马三家','2017-07-26 00:10:00','XD05',1.2,'5256913','5256913.11',NULL,'2017-07-26 00:02:00','接车'),('8a53415e-ad51-4668-b5a9-defc03e02b5e','89029','马三家','2017-07-26 01:35:00','XD06',1.6,'5256814','5256814.31',NULL,'2017-07-26 01:27:00','接车'),('8a5f1c74-79aa-43d9-a8a8-88d12d8156b4','11041','马三家','2017-07-26 03:50:00','XB01',1.2,'5256970','5256970.66','哈敞 敞顶箱','2017-07-26 03:42:00','接车'),('8b8da7e8-8b43-4839-aee9-bcb7aab4f90d','89001','马三家','2017-07-26 04:59:00','XD04',1.5,'5256900','5256900.40',NULL,'2017-07-26 04:51:00','接车'),('8bd91488-06b1-4f4d-8113-5ca49a12b5b2','38604','马三家','2017-07-26 05:21:00','XD06',1.3,'5256986','5256986.23','局令：9873','2017-07-26 05:13:00','接车'),('8bdb46af-14e6-4619-a4f8-fbc5621bbda7','85301','马三家','2017-07-26 02:30:00','XD04',1.5,'5256959','5256959.6',NULL,'2017-07-26 02:22:00','接车'),('8bec2e9d-5f2d-4e63-b18e-56baaf79784d','89001','马三家','2017-07-26 04:59:00','XD04',1.6,'5256900','5256900.18',NULL,'2017-07-26 04:51:00','接车'),('8c54a61f-96e1-4c9c-90be-efe55704e36c','89001','马三家','2017-07-26 04:59:00','XD04',1.6,'5256900','5256900.54',NULL,'2017-07-26 04:51:00','接车'),('8c55873a-5be0-4d74-a405-08566323a051','89001','马三家','2017-07-26 04:59:00','XD04',1.5,'5256900','5256900.24',NULL,'2017-07-26 04:51:00','接车'),('8ca7a3bf-0f4b-456c-91d3-b7d0fafd519d','89003','马三家','2017-07-26 04:02:00','XD03',1.6,'5256909','5256909.26',NULL,'2017-07-26 03:54:00','接车'),('8cce27d2-7fb6-4fed-9551-5398e8ba28ae','89001','马三家','2017-07-26 04:59:00','XD04',1.6,'5256900','5256900.20',NULL,'2017-07-26 04:51:00','接车'),('8cf54891-95b3-4fc3-ae6f-52de3baf8ff5','38604','马三家','2017-07-26 05:21:00','XD06',1.3,'5256986','5256986.41',NULL,'2017-07-26 05:13:00','接车'),('8d6cd2f5-3678-4620-9368-8db839b0babc','85301','马三家','2017-07-26 02:30:00','XD04',1.1,'5256959','5256959.25','G2U 总包','2017-07-26 02:22:00','接车'),('8d6f6ee9-60f7-4e5b-a63c-32f0d0541ef9','89001','马三家','2017-07-26 04:59:00','XD04',1.5,'5256900','5256900.32',NULL,'2017-07-26 04:51:00','接车'),('8d700cfd-3b82-44bd-bb5e-6520cfd974f8','28627','马三家','2017-07-25 23:35:00','XB01',1.2,'5256775','5256775.31',NULL,'2017-07-25 23:27:00','接车'),('8d8114bc-f01d-4852-ba0d-ca1f39eeec8e','85301','马三家','2017-07-26 02:30:00','XD04',1.1,'5256959','5256959.51','G2U 总包','2017-07-26 02:22:00','接车'),('8dfd6fc5-3592-46f6-b68d-3fe8aedd0f78','X1425','马三家','2017-07-26 03:09:00','XZ01',2.4,'5256488','5256488.7','禁止溜放成组不摘','2017-07-26 03:01:00','接车'),('8e10a63c-155c-4501-9e2b-2a120fdf18fb','28601','马三家','2017-07-26 04:30:00','XD05',1.3,'5256901','5256901.58',NULL,'2017-07-26 04:22:00','接车'),('8e1defc2-6976-426d-8126-d2cc1fb94bc4','38604','马三家','2017-07-26 05:21:00','XD06',1.3,'5256986','5256986.22','局令：9873','2017-07-26 05:13:00','接车'),('8e279fc5-f0a1-4f68-812d-799b1e34f0e8','89001','马三家','2017-07-26 04:59:00','XD04',1.5,'5256900','5256900.5',NULL,'2017-07-26 04:51:00','接车'),('8f0b9539-3163-4df8-acfc-ac62f380e900','38604','马三家','2017-07-26 05:21:00','XD06',1.3,'5256986','5256986.11',NULL,'2017-07-26 05:13:00','接车'),('8f41af3c-6e4e-4424-9845-9e26f8db15f1','28601','马三家','2017-07-26 04:30:00','XD05',1.2,'5256901','5256901.53',NULL,'2017-07-26 04:22:00','接车'),('8fa59d5a-5f7f-4c33-9c19-40459adbd73b','89001','马三家','2017-07-26 04:59:00','XD04',1.5,'5256900','5256900.14',NULL,'2017-07-26 04:51:00','接车'),('8fb8a05e-b1eb-4c0a-9358-e1b428379bba','28601','马三家','2017-07-26 04:30:00','XD05',1.2,'5256901','5256901.19',NULL,'2017-07-26 04:22:00','接车'),('9197b1b4-8177-45ef-aeb6-48f322d73ee8','85301','马三家','2017-07-26 02:30:00','XD04',1.1,'5256959','5256959.22','G2U 总包','2017-07-26 02:22:00','接车'),('938071cb-2daa-42b9-abd7-c74f91d2f0e2','X1441','马三家','2017-07-26 02:00:00','XZ01',2.4,'5256954','5256954.19','JVU批快','2017-07-26 01:52:00','接车'),('93e49e92-2f23-4837-9f18-88336445cfb9','89003','马三家','2017-07-26 04:02:00','XD03',1.5,'5256909','5256909.7',NULL,'2017-07-26 03:54:00','接车'),('958bcf3a-263e-4b9d-85cb-a6ce3fbac7be','89029','马三家','2017-07-26 01:35:00','XD06',1.5,'5256814','5256814.32',NULL,'2017-07-26 01:27:00','接车'),('959ac4c7-18c3-44c1-82c5-6d54f117e2c7','28601','马三家','2017-07-26 04:30:00','XD05',1.2,'5256901','5256901.51',NULL,'2017-07-26 04:22:00','接车'),('95cbd767-9fa5-4fc6-999a-571354050070','38604','马三家','2017-07-26 05:21:00','XD06',1.5,'5256986','5256986.58','行包专用 40T','2017-07-26 05:13:00','接车'),('960f8b34-e21a-4c36-ab99-a11e92ad0e9f','28601','马三家','2017-07-26 04:30:00','XD05',1.3,'5256901','5256901.27',NULL,'2017-07-26 04:22:00','接车'),('963684c0-7cb6-4618-9640-ed1a8f1787ca','38604','马三家','2017-07-26 05:21:00','XD06',1.3,'5256986','5256986.31','局令：9873','2017-07-26 05:13:00','接车'),('967154f4-e7ce-4192-a0f5-654499592d3c','X1425','马三家','2017-07-26 03:09:00','XZ01',2.4,'5256488','5256488.10','禁止溜放成组不摘','2017-07-26 03:01:00','接车'),('96d3e7ac-6fc2-4087-b86b-72ed279129e5','38604','马三家','2017-07-26 05:21:00','XD06',1.3,'5256986','5256986.59','回沈厂 检修车','2017-07-26 05:13:00','接车'),('96ee169b-77ff-4f78-ad4f-c0a8212c19ae','85301','马三家','2017-07-26 02:30:00','XD04',1.5,'5256959','5256959.2',NULL,'2017-07-26 02:22:00','接车'),('971765cc-929c-4f0a-919f-403fe0278843','89001','马三家','2017-07-26 04:59:00','XD04',1.5,'5256900','5256900.42',NULL,'2017-07-26 04:51:00','接车'),('973c66f5-ae70-4022-b78c-29c3a13247a5','89003','马三家','2017-07-26 04:02:00','XD03',1.6,'5256909','5256909.15',NULL,'2017-07-26 03:54:00','接车'),('97aeff23-0fc3-4877-a74b-b4d2b54fff2b','38604','马三家','2017-07-26 05:21:00','XD06',1.5,'5256986','5256986.20','局令：9873','2017-07-26 05:13:00','接车'),('98286411-bfb6-4ac4-8bfa-a068e8af9a32','44153','马三家','2017-07-26 00:10:00','XD05',1.3,'5256913','5256913.44','null 零快','2017-07-26 00:02:00','接车'),('98583f32-5195-4205-b5ad-359290e7fb23','85301','马三家','2017-07-26 02:30:00','XD04',1.1,'5256959','5256959.65','G2U 总包','2017-07-26 02:22:00','接车'),('98d59024-b2ec-4ff7-b642-bb0c2e2d32a5','44153','马三家','2017-07-26 00:10:00','XD05',1.3,'5256913','5256913.54',NULL,'2017-07-26 00:02:00','接车'),('99522572-bfd6-44fd-9503-597790680357','85301','马三家','2017-07-26 02:30:00','XD04',1.1,'5256959','5256959.58','G2U 总包','2017-07-26 02:22:00','接车'),('999fe0cd-0827-43c3-8539-f0cfa842226a','44153','马三家','2017-07-26 00:10:00','XD05',1.3,'5256913','5256913.4',NULL,'2017-07-26 00:02:00','接车'),('99a16872-98ce-46dd-b0d8-43e8b189a35b','28601','马三家','2017-07-26 04:30:00','XD05',1.3,'5256901','5256901.63',NULL,'2017-07-26 04:22:00','接车'),('99c8ef4d-7ddf-4d55-b865-b212075ffb5a','X1441','马三家','2017-07-26 02:00:00','XZ01',2.4,'5256954','5256954.21','JVU批快','2017-07-26 01:52:00','接车'),('99dd8fb2-e399-4f28-96ab-e0f92a596fe5','11041','马三家','2017-07-26 03:50:00','XB01',1.3,'5256970','5256970.14',NULL,'2017-07-26 03:42:00','接车'),('9af69eb6-6721-47b9-af56-e7be491ca626','28627','马三家','2017-07-25 23:35:00','XB01',2.4,'5256775','5256775.13','JV? 令0403-23','2017-07-25 23:27:00','接车'),('9b1c54a2-18c7-4908-9a84-3525c603813f','28601','马三家','2017-07-26 04:30:00','XD05',1.3,'5256901','5256901.65',NULL,'2017-07-26 04:22:00','接车'),('9b35e73e-e630-4d9f-8f4f-c771893dbd19','28627','马三家','2017-07-25 23:35:00','XB01',2.4,'5256775','5256775.15','JV? 令0403-23','2017-07-25 23:27:00','接车'),('9c187ef5-a807-4be2-afa3-e6a15495a543','89003','马三家','2017-07-26 04:02:00','XD03',1.5,'5256909','5256909.6',NULL,'2017-07-26 03:54:00','接车'),('9c1d710d-3396-45b0-aa70-6ac629f28b1d','89001','马三家','2017-07-26 04:59:00','XD04',1.5,'5256900','5256900.31',NULL,'2017-07-26 04:51:00','接车'),('9c475fff-199e-423c-9a7d-036cde826966','44153','马三家','2017-07-26 00:10:00','XD05',1.1,'5256913','5256913.33',NULL,'2017-07-26 00:02:00','接车'),('9dd45583-9d94-421a-b043-24af7eda7a68','11041','马三家','2017-07-26 03:50:00','XB01',1.2,'5256970','5256970.56','哈敞 敞顶箱','2017-07-26 03:42:00','接车'),('9e1788cd-f2c5-496d-b89e-c897fc7c932a','89003','马三家','2017-07-26 04:02:00','XD03',1.5,'5256909','5256909.9',NULL,'2017-07-26 03:54:00','接车'),('9efadfc7-bae4-40a1-8376-2d93c9c2c131','28601','马三家','2017-07-26 04:30:00','XD05',1.3,'5256901','5256901.28',NULL,'2017-07-26 04:22:00','接车'),('9f097d08-5e9b-4abf-b4e3-15a43a075975','X1425','马三家','2017-07-26 03:09:00','XZ01',2.4,'5256488','5256488.5','禁止溜放成组不摘','2017-07-26 03:01:00','接车'),('a02dcb16-0b3b-4c29-9c56-2b6a2480ef17','X1425','马三家','2017-07-26 03:09:00','XZ01',2.4,'5256488','5256488.1','禁止溜放成组不摘','2017-07-26 03:01:00','接车'),('a09ba066-c476-43e0-955f-6a550e859a7c','28601','马三家','2017-07-26 04:30:00','XD05',1.3,'5256901','5256901.61',NULL,'2017-07-26 04:22:00','接车'),('a0f1d41c-e2f7-4f3c-94aa-9de04f123f10','28627','马三家','2017-07-25 23:35:00','XB01',1.2,'5256775','5256775.37','空','2017-07-25 23:27:00','接车'),('a16a12f8-7a6f-4769-b06d-3e6e5c287ad3','85301','马三家','2017-07-26 02:30:00','XD04',1.1,'5256959','5256959.52','G2U 总包','2017-07-26 02:22:00','接车'),('a1bdc575-e72c-441a-b0c5-5e33cb2616f9','28601','马三家','2017-07-26 04:30:00','XD05',1.3,'5256901','5256901.9',NULL,'2017-07-26 04:22:00','接车'),('a3af4c8f-a4ba-4750-b760-629757574f34','89003','马三家','2017-07-26 04:02:00','XD03',1.6,'5256909','5256909.24',NULL,'2017-07-26 03:54:00','接车'),('a3ba6357-d8bd-449e-8fdf-800c03e3aa44','X1441','马三家','2017-07-26 02:00:00','XZ01',2.4,'5256954','5256954.8','JVU批快','2017-07-26 01:52:00','接车'),('a4126302-e52b-485d-8974-c36caa4e817c','X1441','马三家','2017-07-26 02:00:00','XZ01',2.4,'5256954','5256954.27','JVU批快','2017-07-26 01:52:00','接车'),('a4276f58-2c33-409b-9331-6ba7a3b6bc64','28627','马三家','2017-07-25 23:35:00','XB01',2.4,'5256775','5256775.4','JV? 令0403-23','2017-07-25 23:27:00','接车'),('a4de2988-4800-45bc-912e-2f64085174e1','44153','马三家','2017-07-26 00:10:00','XD05',1.3,'5256913','5256913.5',NULL,'2017-07-26 00:02:00','接车'),('a556b1cd-1443-43d9-ad66-ace45d2d354f','89003','马三家','2017-07-26 04:02:00','XD03',1.6,'5256909','5256909.2',NULL,'2017-07-26 03:54:00','接车'),('a56a3ef5-14b1-4e60-af2f-88b1950d8559','89029','马三家','2017-07-26 01:35:00','XD06',1.5,'5256814','5256814.30',NULL,'2017-07-26 01:27:00','接车'),('a586656e-688c-4ab0-89a1-ae975e0e9a1b','28601','马三家','2017-07-26 04:30:00','XD05',1.3,'5256901','5256901.2',NULL,'2017-07-26 04:22:00','接车'),('a59a6517-2979-4c20-b333-1c0c69712245','85301','马三家','2017-07-26 02:30:00','XD04',1.1,'5256959','5256959.27','G2U 总包','2017-07-26 02:22:00','接车'),('a65e0b6b-5155-4439-9694-24c1e472a759','28627','马三家','2017-07-25 23:35:00','XB01',2.4,'5256775','5256775.24','JV? 令0403-23','2017-07-25 23:27:00','接车'),('a69fe6b8-cff8-49e1-bfa1-c931f3e1c5e2','28601','马三家','2017-07-26 04:30:00','XD05',1.2,'5256901','5256901.20',NULL,'2017-07-26 04:22:00','接车'),('a6e2d9d9-6cc0-4bc4-b6f3-9515b2cad916','89001','马三家','2017-07-26 04:59:00','XD04',1.5,'5256900','5256900.43',NULL,'2017-07-26 04:51:00','接车'),('a70cb5eb-2a78-4262-b02a-c983824fc2f2','X1441','马三家','2017-07-26 02:00:00','XZ01',2.4,'5256954','5256954.14','JVU批快','2017-07-26 01:52:00','接车'),('a7ef2b11-b5ed-4ef8-84dc-9dda82587e3d','X1441','马三家','2017-07-26 02:00:00','XZ01',2.4,'5256954','5256954.29','JVU批快','2017-07-26 01:52:00','接车'),('a80494d3-4f5f-41d9-a7d4-3dc2a2e15677','89029','马三家','2017-07-26 01:35:00','XD06',1.5,'5256814','5256814.45',NULL,'2017-07-26 01:27:00','接车'),('a85dd161-8a6d-46f2-809f-af41069fe315','89001','马三家','2017-07-26 04:59:00','XD04',1.5,'5256900','5256900.50',NULL,'2017-07-26 04:51:00','接车'),('a8d779de-af31-4302-b1b2-94d65b683aa9','38604','马三家','2017-07-26 05:21:00','XD06',1.3,'5256986','5256986.42',NULL,'2017-07-26 05:13:00','接车'),('a99393e5-0b4a-4178-91cc-eb8b3bd2ee3b','89003','马三家','2017-07-26 04:02:00','XD03',1.6,'5256909','5256909.1',NULL,'2017-07-26 03:54:00','接车'),('a9a7249d-e114-4d2d-aa9f-25fb92233d8e','28601','马三家','2017-07-26 04:30:00','XD05',1.3,'5256901','5256901.25',NULL,'2017-07-26 04:22:00','接车'),('aad3ea82-c906-4853-848c-c8fff201629d','44153','马三家','2017-07-26 00:10:00','XD05',1.1,'5256913','5256913.36',NULL,'2017-07-26 00:02:00','接车'),('aafa8721-30e7-4261-81da-9ad0011c8d48','11041','马三家','2017-07-26 03:50:00','XB01',1.3,'5256970','5256970.3',NULL,'2017-07-26 03:42:00','接车'),('aafe7983-f7d5-44eb-aece-5a3db099086f','11041','马三家','2017-07-26 03:50:00','XB01',1.2,'5256970','5256970.25',NULL,'2017-07-26 03:42:00','接车'),('ab0ccefb-2c7b-42bd-ab45-d68582cfcf88','X1425','马三家','2017-07-26 03:09:00','XZ01',2.4,'5256488','5256488.22','禁止溜放成组不摘','2017-07-26 03:01:00','接车'),('ab1f1529-5342-4269-b00a-9acae9359434','28601','马三家','2017-07-26 04:30:00','XD05',1.3,'5256901','5256901.10',NULL,'2017-07-26 04:22:00','接车'),('ab2b140a-c773-48d4-9fe7-c100a179fabb','89029','马三家','2017-07-26 01:35:00','XD06',1.6,'5256814','5256814.43',NULL,'2017-07-26 01:27:00','接车'),('ab3d83e1-f30d-4db7-a08e-e1370f8272a5','44153','马三家','2017-07-26 00:10:00','XD05',1.3,'5256913','5256913.59',NULL,'2017-07-26 00:02:00','接车'),('ab4f08ae-91be-40e1-908d-e0a407f1decb','28601','马三家','2017-07-26 04:30:00','XD05',1.2,'5256901','5256901.45',NULL,'2017-07-26 04:22:00','接车'),('ab7dc3d9-d109-4591-b97c-9ec829aa483d','38604','马三家','2017-07-26 05:21:00','XD06',1.3,'5256986','5256986.37',NULL,'2017-07-26 05:13:00','接车'),('ab8764cb-8008-47e6-966b-ad1d9c73bad4','38604','马三家','2017-07-26 05:21:00','XD06',1.3,'5256986','5256986.43',NULL,'2017-07-26 05:13:00','接车'),('abb484bd-4c24-417f-9217-0c97a0f6d893','44153','马三家','2017-07-26 00:10:00','XD05',1.1,'5256913','5256913.35',NULL,'2017-07-26 00:02:00','接车'),('acdd975b-6ce6-4b9d-abae-e9162e53fdb6','28627','马三家','2017-07-25 23:35:00','XB01',2.4,'5256775','5256775.10','JV? 令0403-23','2017-07-25 23:27:00','接车'),('ad15e63c-ae0e-4a8c-9e85-b25c2387c6c6','28627','马三家','2017-07-25 23:35:00','XB01',2.4,'5256775','5256775.12','JV? 令0403-23','2017-07-25 23:27:00','接车'),('adbb16a9-5005-4246-9cf8-770aa25a211c','44153','马三家','2017-07-26 00:10:00','XD05',1.3,'5256913','5256913.12',NULL,'2017-07-26 00:02:00','接车'),('ae6d1c44-9cba-4b07-88ff-4e92721d35ba','44153','马三家','2017-07-26 00:10:00','XD05',1.1,'5256913','5256913.29',NULL,'2017-07-26 00:02:00','接车'),('ae87e9b1-0695-49b9-a8be-0557855a5d09','89029','马三家','2017-07-26 01:35:00','XD06',1.5,'5256814','5256814.16',NULL,'2017-07-26 01:27:00','接车'),('aeac87ef-9c89-41a0-ba87-763c2cd8b9df','85301','马三家','2017-07-26 02:30:00','XD04',1.1,'5256959','5256959.26','G2U 总包','2017-07-26 02:22:00','接车'),('aef8a68b-f9e8-4be0-8b0e-69ef00c9b03e','44153','马三家','2017-07-26 00:10:00','XD05',1.5,'5256913','5256913.14','LKF\\/','2017-07-26 00:02:00','接车'),('af3b28d3-7987-4862-821b-13f220e64ff7','X1425','马三家','2017-07-26 03:09:00','XZ01',2.4,'5256488','5256488.15','禁止溜放成组不摘','2017-07-26 03:01:00','接车'),('af3bec97-9d47-4ec8-9244-5bea44c54385','89029','马三家','2017-07-26 01:35:00','XD06',1.5,'5256814','5256814.6',NULL,'2017-07-26 01:27:00','接车'),('af7d390b-1930-48da-aa56-5b9f2c1177cf','38604','马三家','2017-07-26 05:21:00','XD06',1.3,'5256986','5256986.25','局令：9873','2017-07-26 05:13:00','接车'),('b0a820a9-fadd-40ec-815d-ea84dd471c5f','89003','马三家','2017-07-26 04:02:00','XD03',1.5,'5256909','5256909.36',NULL,'2017-07-26 03:54:00','接车'),('b0d723ce-1785-411e-9bd0-73dc61f84af9','85301','马三家','2017-07-26 02:30:00','XD04',1.1,'5256959','5256959.60','G2U 总包','2017-07-26 02:22:00','接车'),('b120cbe5-75d7-4795-be96-1cffb833d48c','89029','马三家','2017-07-26 01:35:00','XD06',1.5,'5256814','5256814.14',NULL,'2017-07-26 01:27:00','接车'),('b18a45ba-e43c-4669-9a92-2b57c365dd4a','44153','马三家','2017-07-26 00:10:00','XD05',1.1,'5256913','5256913.32',NULL,'2017-07-26 00:02:00','接车'),('b1ba939f-e4c6-44a7-a64f-ca9cc84b95d3','89029','马三家','2017-07-26 01:35:00','XD06',1.6,'5256814','5256814.5',NULL,'2017-07-26 01:27:00','接车'),('b22566cb-446c-4fff-90c1-4fa3a83a1ed8','38604','马三家','2017-07-26 05:21:00','XD06',1.3,'5256986','5256986.36',NULL,'2017-07-26 05:13:00','接车'),('b2376994-0671-4ec6-8b62-e746aee18157','85301','马三家','2017-07-26 02:30:00','XD04',1.6,'5256959','5256959.17','快运+F批快J总包','2017-07-26 02:22:00','接车'),('b25ac3be-2bfd-4213-b810-78a2e83ae52e','38604','马三家','2017-07-26 05:21:00','XD06',1.3,'5256986','5256986.30','局令：9873','2017-07-26 05:13:00','接车'),('b2d75517-ca78-436a-b7f4-a46b04c690b3','85301','马三家','2017-07-26 02:30:00','XD04',1.1,'5256959','5256959.29','G2U 总包','2017-07-26 02:22:00','接车'),('b3167c14-2f0a-45ef-a681-42525c0246aa','11041','马三家','2017-07-26 03:50:00','XB01',1.3,'5256970','5256970.37','哈敞 敞顶箱','2017-07-26 03:42:00','接车'),('b4e6c8d4-3a6d-4d74-b4bd-8a3914cbbbe3','11041','马三家','2017-07-26 03:50:00','XB01',1.2,'5256970','5256970.17',NULL,'2017-07-26 03:42:00','接车'),('b5396e3c-7e9f-4dbe-bf63-9aa37f511e7e','X1441','马三家','2017-07-26 02:00:00','XZ01',2.4,'5256954','5256954.9','JVU批快','2017-07-26 01:52:00','接车'),('b5684fac-34f0-4b71-bbbe-858825ca491e','89003','马三家','2017-07-26 04:02:00','XD03',1.6,'5256909','5256909.14',NULL,'2017-07-26 03:54:00','接车'),('b5fd29e0-19a1-4318-aa8e-88093573eea2','11041','马三家','2017-07-26 03:50:00','XB01',1.2,'5256970','5256970.22',NULL,'2017-07-26 03:42:00','接车'),('b62996a0-e7e6-4ef7-a93c-40dee85976ee','85301','马三家','2017-07-26 02:30:00','XD04',1.1,'5256959','5256959.31','G2U 总包','2017-07-26 02:22:00','接车'),('b69d63e6-1b59-4030-a854-e4b2455fe106','89001','马三家','2017-07-26 04:59:00','XD04',1.5,'5256900','5256900.3',NULL,'2017-07-26 04:51:00','接车'),('b6d807ee-a039-430c-b369-bdc9f3d917d0','H72075A','马三家','2017-07-26 04:30:00','XZ01',0,NULL,NULL,NULL,'2017-07-26 04:22:00','接车'),('b7244894-df33-48bf-9c9b-dbeeaa78d237','89003','马三家','2017-07-26 04:02:00','XD03',1.5,'5256909','5256909.3',NULL,'2017-07-26 03:54:00','接车'),('b7b99b7b-6cde-413f-9ea9-2b32ef9a83fb','89001','马三家','2017-07-26 04:59:00','XD04',1.5,'5256900','5256900.11',NULL,'2017-07-26 04:51:00','接车'),('b7d0a02c-1e2f-4d35-9d84-204f37fc8ee2','44153','马三家','2017-07-26 00:10:00','XD05',1.2,'5256913','5256913.51',NULL,'2017-07-26 00:02:00','接车'),('b871f48a-4f70-411d-b5ad-cc4c6d89e83e','89029','马三家','2017-07-26 01:35:00','XD06',1.5,'5256814','5256814.2',NULL,'2017-07-26 01:27:00','接车'),('b8a09572-c7fb-4cb4-8df1-476322ae8342','85301','马三家','2017-07-26 02:30:00','XD04',1.6,'5256959','5256959.5',NULL,'2017-07-26 02:22:00','接车'),('b91d8416-77db-4cb5-ad4d-70c73cf0196a','28627','马三家','2017-07-25 23:35:00','XB01',2.4,'5256775','5256775.19','JV? 令0403-23','2017-07-25 23:27:00','接车'),('b9608429-ab6e-420c-846d-defc745f6011','28601','马三家','2017-07-26 04:30:00','XD05',1.3,'5256901','5256901.56',NULL,'2017-07-26 04:22:00','接车'),('b99bf19b-42d9-47f0-a738-95c45f6cd0f0','X1465','马三家','2017-07-25 23:57:00','XZ01',1.6,'5256982','5256982.3','DK 零快 沙岭','2017-07-25 23:49:00','接车'),('ba56a4ab-4d3a-4030-b487-811d7197183d','85301','马三家','2017-07-26 02:30:00','XD04',1.1,'5256959','5256959.53','G2U 总包','2017-07-26 02:22:00','接车'),('bc2bd8d6-9cc6-4a4d-808e-e554b331a825','11041','马三家','2017-07-26 03:50:00','XB01',1.2,'5256970','5256970.24',NULL,'2017-07-26 03:42:00','接车'),('bcfe3355-0961-49b1-b6e2-ff263d91e2e1','85301','马三家','2017-07-26 02:30:00','XD04',1.1,'5256959','5256959.47','G2U 总包','2017-07-26 02:22:00','接车'),('bd1358ae-d8d4-49cd-9649-1a56c650e80d','89029','马三家','2017-07-26 01:35:00','XD06',1.6,'5256814','5256814.13',NULL,'2017-07-26 01:27:00','接车'),('bd13f98c-745d-4c85-b8f8-67388bd5b5db','89001','马三家','2017-07-26 04:59:00','XD04',1.5,'5256900','5256900.53',NULL,'2017-07-26 04:51:00','接车'),('bd32ec0e-9a2d-4e2e-bc1c-526028fdf696','X1425','马三家','2017-07-26 03:09:00','XZ01',2.4,'5256488','5256488.21','禁止溜放成组不摘','2017-07-26 03:01:00','接车'),('bdd8ad6a-6dc4-4ba9-95a9-5b12a52f5d60','85301','马三家','2017-07-26 02:30:00','XD04',1.1,'5256959','5256959.55','G2U 总包','2017-07-26 02:22:00','接车'),('beb53425-bb63-4ecf-bb6d-a96956c2cc26','89003','马三家','2017-07-26 04:02:00','XD03',1.5,'5256909','5256909.30',NULL,'2017-07-26 03:54:00','接车'),('beccfff5-095d-46fa-9dec-0e11e2260904','89001','马三家','2017-07-26 04:59:00','XD04',1.5,'5256900','5256900.29',NULL,'2017-07-26 04:51:00','接车'),('bf608b10-100a-432d-b89a-349473a8ef28','89001','马三家','2017-07-26 04:59:00','XD04',1.5,'5256900','5256900.22',NULL,'2017-07-26 04:51:00','接车'),('bfcdf471-768f-4a59-b12b-8bc61a28418e','44153','马三家','2017-07-26 00:10:00','XD05',1.3,'5256913','5256913.48','null 零快','2017-07-26 00:02:00','接车'),('c0f310ea-0b30-4354-9f92-a19198c22380','85301','马三家','2017-07-26 02:30:00','XD04',1.5,'5256959','5256959.12','F','2017-07-26 02:22:00','接车'),('c135c4e3-fe2d-4c1e-a004-bf4d399da0f7','85301','马三家','2017-07-26 02:30:00','XD04',1.1,'5256959','5256959.38','G2U 总包','2017-07-26 02:22:00','接车'),('c1a9a239-a597-4f9b-b1f3-869542122a6b','89029','马三家','2017-07-26 01:35:00','XD06',1.6,'5256814','5256814.28',NULL,'2017-07-26 01:27:00','接车'),('c1b259a2-972b-4b71-81b7-fd9c18c8db86','89001','马三家','2017-07-26 04:59:00','XD04',1.5,'5256900','5256900.27',NULL,'2017-07-26 04:51:00','接车'),('c2d91975-6918-4418-8ca4-06a29d7311e8','38604','马三家','2017-07-26 05:21:00','XD06',1.3,'5256986','5256986.27','局令：9873','2017-07-26 05:13:00','接车'),('c2dd7502-d582-4794-ab68-4e168bc4328d','28601','马三家','2017-07-26 04:30:00','XD05',1.2,'5256901','5256901.24',NULL,'2017-07-26 04:22:00','接车'),('c3316c09-3b32-4d8f-a4ad-993649907de2','38604','马三家','2017-07-26 05:21:00','XD06',1.5,'5256986','5256986.26','局令：9873','2017-07-26 05:13:00','接车'),('c34b13f4-86e7-42a8-a8ad-83d844a2c109','89029','马三家','2017-07-26 01:35:00','XD06',1.5,'5256814','5256814.9',NULL,'2017-07-26 01:27:00','接车'),('c3755d8c-a79e-4a0d-bb72-7e0824fa1a7b','89001','马三家','2017-07-26 04:59:00','XD04',1.5,'5256900','5256900.2',NULL,'2017-07-26 04:51:00','接车'),('c37c8915-7ac5-47f9-bbf7-74b00af67701','28601','马三家','2017-07-26 04:30:00','XD05',1.2,'5256901','5256901.43',NULL,'2017-07-26 04:22:00','接车'),('c39b253f-ded2-4a7a-90cd-7c10ead9dbb1','85301','马三家','2017-07-26 02:30:00','XD04',1.1,'5256959','5256959.67','G2U 总包','2017-07-26 02:22:00','接车'),('c3d59d49-d9ab-4447-a69f-a32fd72ce365','44153','马三家','2017-07-26 00:10:00','XD05',1.1,'5256913','5256913.25',NULL,'2017-07-26 00:02:00','接车'),('c3ec6faa-5ea7-4aff-8459-165d14f431df','X1441','马三家','2017-07-26 02:00:00','XZ01',2.4,'5256954','5256954.17','JVU批快','2017-07-26 01:52:00','接车'),('c44ae09a-8555-4483-a143-30132f8db7f8','11041','马三家','2017-07-26 03:50:00','XB01',1.3,'5256970','5256970.6',NULL,'2017-07-26 03:42:00','接车'),('c46fec35-d58a-46a1-aafe-688340a50da3','89029','马三家','2017-07-26 01:35:00','XD06',1.5,'5256814','5256814.29',NULL,'2017-07-26 01:27:00','接车'),('c4c2dea5-c368-4086-b3cc-76c2b74dd640','89001','马三家','2017-07-26 04:59:00','XD04',1.5,'5256900','5256900.33',NULL,'2017-07-26 04:51:00','接车'),('c4f4a46f-3306-4aae-a692-609ea4a0e398','11041','马三家','2017-07-26 03:50:00','XB01',1.3,'5256970','5256970.55','哈敞 敞顶箱','2017-07-26 03:42:00','接车'),('c56ffe99-0a4b-4535-9e89-197ea7e35cb7','28627','马三家','2017-07-25 23:35:00','XB01',2.4,'5256775','5256775.11','JV? 令0403-23','2017-07-25 23:27:00','接车'),('c5bcfecd-a711-4859-9860-421cfb95d417','X1465','马三家','2017-07-25 23:57:00','XZ01',1.6,'5256982','5256982.1','DK 零快 沙岭','2017-07-25 23:49:00','接车'),('c6409e68-73bd-4ea2-8c26-e6c50d781f8b','85301','马三家','2017-07-26 02:30:00','XD04',1.5,'5256959','5256959.1','直09/06','2017-07-26 02:22:00','接车'),('c6ba76ba-175a-4df0-93dc-35b4bca4ad88','89029','马三家','2017-07-26 01:35:00','XD06',1.5,'5256814','5256814.52',NULL,'2017-07-26 01:27:00','接车'),('c70581a3-66b1-452d-aa0b-79f5ae1d2014','89001','马三家','2017-07-26 04:59:00','XD04',1.5,'5256900','5256900.41',NULL,'2017-07-26 04:51:00','接车'),('c7881233-3f54-4a37-9c87-d3437a66a91c','28627','马三家','2017-07-25 23:35:00','XB01',1.2,'5256775','5256775.32',NULL,'2017-07-25 23:27:00','接车'),('c7af0741-50ce-4fca-a3c2-d9d3abeb223b','X1441','马三家','2017-07-26 02:00:00','XZ01',2.4,'5256954','5256954.16','JVU批快','2017-07-26 01:52:00','接车'),('c921cd1b-fafe-47b4-9a18-bc52f8d7c879','X1441','马三家','2017-07-26 02:00:00','XZ01',2.4,'5256954','5256954.10','JVU批快','2017-07-26 01:52:00','接车'),('c9977803-26c2-4294-9ee5-c7d5a8df080e','89003','马三家','2017-07-26 04:02:00','XD03',1.5,'5256909','5256909.41',NULL,'2017-07-26 03:54:00','接车'),('c9dcdea8-59a7-40a2-be76-59299636dc20','X1441','马三家','2017-07-26 02:00:00','XZ01',2.4,'5256954','5256954.6','JVU批快','2017-07-26 01:52:00','接车'),('c9fe5dad-4c1c-437f-ac01-cedd5eac2afb','89003','马三家','2017-07-26 04:02:00','XD03',1.5,'5256909','5256909.8',NULL,'2017-07-26 03:54:00','接车'),('ca3ba7af-7d3d-4d15-877d-f1ec0c2e6903','44153','马三家','2017-07-26 00:10:00','XD05',1.6,'5256913','5256913.66','FLK 零快','2017-07-26 00:02:00','接车'),('ca496291-f9bd-4b5c-a339-f85f80febe24','89001','马三家','2017-07-26 04:59:00','XD04',1.5,'5256900','5256900.52',NULL,'2017-07-26 04:51:00','接车'),('ca784d70-0152-4afd-8ba9-21b31d04b369','89001','马三家','2017-07-26 04:59:00','XD04',1.5,'5256900','5256900.44',NULL,'2017-07-26 04:51:00','接车'),('ca9d63f3-023d-4101-942f-1240fb859fa1','11041','马三家','2017-07-26 03:50:00','XB01',1.3,'5256970','5256970.64','哈敞 敞顶箱','2017-07-26 03:42:00','接车'),('cb17d416-d5da-45fb-8416-74f42b4c67c3','44153','马三家','2017-07-26 00:10:00','XD05',1.2,'5256913','5256913.53',NULL,'2017-07-26 00:02:00','接车'),('cbb59f48-728f-4d7e-a76b-783dae80ac80','89029','马三家','2017-07-26 01:35:00','XD06',1.5,'5256814','5256814.1',NULL,'2017-07-26 01:27:00','接车'),('cc18dd16-6d77-4817-8fe0-61fe20ce7e6b','28601','马三家','2017-07-26 04:30:00','XD05',1.3,'5256901','5256901.29',NULL,'2017-07-26 04:22:00','接车'),('cd18c7cf-bc25-41d5-bd41-d5784fcb4f87','89029','马三家','2017-07-26 01:35:00','XD06',1.6,'5256814','5256814.40',NULL,'2017-07-26 01:27:00','接车'),('cd2763c8-0254-4cca-9488-9e74c85d5f67','38604','马三家','2017-07-26 05:21:00','XD06',1.3,'5256986','5256986.40',NULL,'2017-07-26 05:13:00','接车'),('cd724f81-27d8-4fbf-9d9c-bf777318350b','44153','马三家','2017-07-26 00:10:00','XD05',1.3,'5256913','5256913.63',NULL,'2017-07-26 00:02:00','接车'),('cd7bfce6-690e-4609-924d-9299eda0dd1b','89029','马三家','2017-07-26 01:35:00','XD06',1.6,'5256814','5256814.47',NULL,'2017-07-26 01:27:00','接车'),('ce467436-d5f0-496c-a354-e2348105a479','38604','马三家','2017-07-26 05:21:00','XD06',1.3,'5256986','5256986.9',NULL,'2017-07-26 05:13:00','接车'),('cec9cccd-3ebc-4baa-8b76-720166114e3f','89001','马三家','2017-07-26 04:59:00','XD04',1.5,'5256900','5256900.36',NULL,'2017-07-26 04:51:00','接车'),('cfba5749-cf2f-4554-b3e9-0b67dbe09056','85301','马三家','2017-07-26 02:30:00','XD04',1.1,'5256959','5256959.66','G2U 总包','2017-07-26 02:22:00','接车'),('cfdf1b06-c042-478a-9f73-63d9d87f3c3b','28601','马三家','2017-07-26 04:30:00','XD05',1.2,'5256901','5256901.33',NULL,'2017-07-26 04:22:00','接车'),('d0126610-cb02-48e3-95bc-3c14ba017e2e','X1425','马三家','2017-07-26 03:09:00','XZ01',2.4,'5256488','5256488.17','禁止溜放成组不摘','2017-07-26 03:01:00','接车'),('d0208043-ef99-4215-b5bc-bbbcb350f65f','38604','马三家','2017-07-26 05:21:00','XD06',1.3,'5256986','5256986.1',NULL,'2017-07-26 05:13:00','接车'),('d0a738fe-847e-43b1-8b24-513e53955023','X1441','马三家','2017-07-26 02:00:00','XZ01',2.4,'5256954','5256954.4','JVU批快','2017-07-26 01:52:00','接车'),('d1118a13-504b-4223-9a83-490527f2bdd1','X1441','马三家','2017-07-26 02:00:00','XZ01',2.4,'5256954','5256954.18','JVU批快','2017-07-26 01:52:00','接车'),('d1ad12a6-e89b-44de-bf72-52121a64c5fa','28627','马三家','2017-07-25 23:35:00','XB01',2.4,'5256775','5256775.23','JV? 令0403-23','2017-07-25 23:27:00','接车'),('d1f3816c-1e87-4891-9181-64425cdcf1ec','85301','马三家','2017-07-26 02:30:00','XD04',1.1,'5256959','5256959.35','G2U 总包','2017-07-26 02:22:00','接车'),('d2b0874c-d15e-4553-ba7d-53533e254033','85301','马三家','2017-07-26 02:30:00','XD04',1.6,'5256959','5256959.3',NULL,'2017-07-26 02:22:00','接车'),('d3832082-d001-494d-b52d-701733db87d0','28601','马三家','2017-07-26 04:30:00','XD05',1.2,'5256901','5256901.38',NULL,'2017-07-26 04:22:00','接车'),('d3b662a7-442b-4d98-aa03-4e1db0ef7710','28627','马三家','2017-07-25 23:35:00','XB01',2.4,'5256775','5256775.8','JV? 令0403-23','2017-07-25 23:27:00','接车'),('d429f53b-8dd0-4e33-a05f-be34e14f9680','28627','马三家','2017-07-25 23:35:00','XB01',1.3,'5256775','5256775.38','空','2017-07-25 23:27:00','接车'),('d42ed698-4eff-4820-9920-aa7c3f8ac49a','89003','马三家','2017-07-26 04:02:00','XD03',1.5,'5256909','5256909.28',NULL,'2017-07-26 03:54:00','接车'),('d50940d7-f42b-4754-b1dd-54f024ede1dc','89001','马三家','2017-07-26 04:59:00','XD04',1.5,'5256900','5256900.1',NULL,'2017-07-26 04:51:00','接车'),('d629a633-2f17-441e-bd19-f9ac4f5384d9','X1425','马三家','2017-07-26 03:09:00','XZ01',2.4,'5256488','5256488.11','禁止溜放成组不摘','2017-07-26 03:01:00','接车'),('d64d074a-08fe-4b6f-a013-e16a58d73db4','89001','马三家','2017-07-26 04:59:00','XD04',1.6,'5256900','5256900.48',NULL,'2017-07-26 04:51:00','接车'),('d6741a12-fb85-4ee4-abe6-13276b118f70','89001','马三家','2017-07-26 04:59:00','XD04',1.6,'5256900','5256900.38',NULL,'2017-07-26 04:51:00','接车'),('d6744a69-35cf-4b07-a6c3-1d71b87954a1','11041','马三家','2017-07-26 03:50:00','XB01',1.3,'5256970','5256970.36','哈敞 敞顶箱','2017-07-26 03:42:00','接车'),('d6c63c29-b7dd-42fb-94ce-14343858b7b0','44153','马三家','2017-07-26 00:10:00','XD05',1.2,'5256913','5256913.45','null 零快','2017-07-26 00:02:00','接车'),('d720443b-aeee-4b4a-90f3-82c4c29a3ac9','11041','马三家','2017-07-26 03:50:00','XB01',1.3,'5256970','5256970.29','哈敞 敞顶箱','2017-07-26 03:42:00','接车'),('d7228f38-2e0b-4ab9-bd9d-249191a7540d','89003','马三家','2017-07-26 04:02:00','XD03',1.6,'5256909','5256909.4',NULL,'2017-07-26 03:54:00','接车'),('d767b452-9f51-44e6-b226-68fd9fdb9166','28601','马三家','2017-07-26 04:30:00','XD05',1.3,'5256901','5256901.17',NULL,'2017-07-26 04:22:00','接车'),('d7c576eb-2bf4-4c8b-930f-f275e1693e38','X1465','马三家','2017-07-25 23:57:00','XZ01',1.5,'5256982','5256982.2','DK 零快 沙岭','2017-07-25 23:49:00','接车'),('d7c74a43-cf93-44ef-abf2-12391179d5cb','89001','马三家','2017-07-26 04:59:00','XD04',1.5,'5256900','5256900.7',NULL,'2017-07-26 04:51:00','接车'),('d7d0b369-13d3-45f5-b009-98dbaaa6f1ab','11041','马三家','2017-07-26 03:50:00','XB01',1.2,'5256970','5256970.63','哈敞 敞顶箱','2017-07-26 03:42:00','接车'),('d88406cc-ee20-4fbc-a8d3-d6bcf4acf463','X1441','马三家','2017-07-26 02:00:00','XZ01',2.4,'5256954','5256954.15','JVU批快','2017-07-26 01:52:00','接车'),('d8d9eae6-650e-487b-8e84-6340be04657c','X1425','马三家','2017-07-26 03:09:00','XZ01',2.4,'5256488','5256488.19','禁止溜放成组不摘','2017-07-26 03:01:00','接车'),('d94147d3-487b-4226-a770-a46be21c36ce','11041','马三家','2017-07-26 03:50:00','XB01',1.3,'5256970','5256970.16',NULL,'2017-07-26 03:42:00','接车'),('db195bb3-00c7-4d36-9306-83c2c828837b','11041','马三家','2017-07-26 03:50:00','XB01',1.2,'5256970','5256970.31','哈敞 敞顶箱','2017-07-26 03:42:00','接车'),('db55aa99-f48f-4938-98bf-2234396b79f8','89001','马三家','2017-07-26 04:59:00','XD04',1.5,'5256900','5256900.46',NULL,'2017-07-26 04:51:00','接车'),('dc378fad-80e7-45c8-b008-894f1395b74e','38604','马三家','2017-07-26 05:21:00','XD06',1.3,'5256986','5256986.18','局令：9873','2017-07-26 05:13:00','接车'),('dcf60bb9-2ca0-47f0-8dcb-3722259853ba','X1441','马三家','2017-07-26 02:00:00','XZ01',2.4,'5256954','5256954.5','JVU批快','2017-07-26 01:52:00','接车'),('ddfbce42-7b94-49a4-b1c0-ef5bc53e6deb','38604','马三家','2017-07-26 05:21:00','XD06',1.3,'5256986','5256986.57',NULL,'2017-07-26 05:13:00','接车'),('de8e0331-71fa-4d27-abca-3957d0db6098','38604','马三家','2017-07-26 05:21:00','XD06',1.5,'5256986','5256986.21','局令：9873','2017-07-26 05:13:00','接车'),('de93e646-2673-4ff3-a824-8a346cd42328','85301','马三家','2017-07-26 02:30:00','XD04',1.1,'5256959','5256959.39','G2U 总包','2017-07-26 02:22:00','接车'),('dea0f926-dcbd-49cf-b1c5-4f9609f019b0','28627','马三家','2017-07-25 23:35:00','XB01',2.4,'5256775','5256775.14','JV? 令0403-23','2017-07-25 23:27:00','接车'),('df045455-9bba-40ce-8ac1-73486e50fc93','38604','马三家','2017-07-26 05:21:00','XD06',1.5,'5256986','5256986.54','小型箱局令3213F','2017-07-26 05:13:00','接车'),('df1b4be3-48f2-4384-9369-48d730755cba','11041','马三家','2017-07-26 03:50:00','XB01',1.2,'5256970','5256970.38','哈敞 敞顶箱','2017-07-26 03:42:00','接车'),('df606f5f-4b09-4d5c-acf1-aea64cbdd9cd','11041','马三家','2017-07-26 03:50:00','XB01',1.3,'5256970','5256970.7',NULL,'2017-07-26 03:42:00','接车'),('dfb421dd-289c-4e7c-ba93-f53114b6f441','11041','马三家','2017-07-26 03:50:00','XB01',1.2,'5256970','5256970.20',NULL,'2017-07-26 03:42:00','接车'),('dfe04787-42ae-4af0-8087-114087e37246','89001','马三家','2017-07-26 04:59:00','XD04',1.6,'5256900','5256900.15',NULL,'2017-07-26 04:51:00','接车'),('e0455232-724e-47ba-9fc5-ce5da361410d','28601','马三家','2017-07-26 04:30:00','XD05',1.3,'5256901','5256901.49',NULL,'2017-07-26 04:22:00','接车'),('e093c0a7-e453-49e6-ba7e-b5bc49b28083','28627','马三家','2017-07-25 23:35:00','XB01',2.4,'5256775','5256775.9','JV? 令0403-23','2017-07-25 23:27:00','接车'),('e0e8aed0-52db-4a81-b18f-28b66d385419','89029','马三家','2017-07-26 01:35:00','XD06',1.6,'5256814','5256814.44',NULL,'2017-07-26 01:27:00','接车'),('e0fe6296-63c0-4cd2-bfdf-500807335cfb','89029','马三家','2017-07-26 01:35:00','XD06',1.5,'5256814','5256814.26','绿线','2017-07-26 01:27:00','接车'),('e1aee1e9-b675-4fca-92e4-640e815f805e','89003','马三家','2017-07-26 04:02:00','XD03',1.6,'5256909','5256909.5',NULL,'2017-07-26 03:54:00','接车'),('e1cd40bd-ea2b-44a0-b0c0-103a49c9e67b','11041','马三家','2017-07-26 03:50:00','XB01',1.2,'5256970','5256970.8',NULL,'2017-07-26 03:42:00','接车'),('e282edd6-aad6-46b0-8f69-de61b9c2acfe','89029','马三家','2017-07-26 01:35:00','XD06',1.5,'5256814','5256814.33','绿线','2017-07-26 01:27:00','接车'),('e31a1aaf-b2a7-46f1-8f72-1422952b7347','11041','马三家','2017-07-26 03:50:00','XB01',1.3,'5256970','5256970.58','哈敞 敞顶箱','2017-07-26 03:42:00','接车'),('e6b348ba-023c-45a2-b03e-3ed4ddd394fd','44153','马三家','2017-07-26 00:10:00','XD05',1.1,'5256913','5256913.27',NULL,'2017-07-26 00:02:00','接车'),('e6c201e1-bb59-4245-a750-9e9472d27bfd','28627','马三家','2017-07-25 23:35:00','XB01',2.4,'5256775','5256775.29','JV? 令0403-23','2017-07-25 23:27:00','接车'),('e74c1f90-ca86-4650-b5d8-c4eab60d1df9','85301','马三家','2017-07-26 02:30:00','XD04',1.1,'5256959','5256959.43','G2U 总包','2017-07-26 02:22:00','接车'),('e74cb867-e6c5-44bd-8d47-f783f402e184','28601','马三家','2017-07-26 04:30:00','XD05',1.3,'5256901','5256901.64',NULL,'2017-07-26 04:22:00','接车'),('e7a270ea-443f-4706-b048-780c6477dbbc','89003','马三家','2017-07-26 04:02:00','XD03',1.6,'5256909','5256909.19',NULL,'2017-07-26 03:54:00','接车'),('e7af2d25-3234-4558-ac52-400e557249b2','28601','马三家','2017-07-26 04:30:00','XD05',1.2,'5256901','5256901.54',NULL,'2017-07-26 04:22:00','接车'),('e85a4c4f-0f5c-41ab-9d81-a017007a8ea1','89029','马三家','2017-07-26 01:35:00','XD06',1.5,'5256814','5256814.34',NULL,'2017-07-26 01:27:00','接车'),('e86ca2ee-00e9-44ef-a003-80629fa8391e','X1441','马三家','2017-07-26 02:00:00','XZ01',2.4,'5256954','5256954.3','JVU批快','2017-07-26 01:52:00','接车'),('e89c9086-6f89-40da-a10f-e676747baf07','89001','马三家','2017-07-26 04:59:00','XD04',1.5,'5256900','5256900.35',NULL,'2017-07-26 04:51:00','接车'),('ea3a18c0-91c0-4b0c-8086-8f8caf1d7c44','X1425','马三家','2017-07-26 03:09:00','XZ01',2.4,'5256488','5256488.14','禁止溜放成组不摘','2017-07-26 03:01:00','接车'),('ea8d1f16-898f-41a7-b322-3bb0d92f9b7e','44153','马三家','2017-07-26 00:10:00','XD05',1.1,'5256913','5256913.21',NULL,'2017-07-26 00:02:00','接车'),('eb3a8254-bbdf-4f6a-8d85-47c676916685','11041','马三家','2017-07-26 03:50:00','XB01',1.3,'5256970','5256970.42','哈敞 敞顶箱','2017-07-26 03:42:00','接车'),('ebad84a6-5dfc-44f8-bbbd-c0630a20d213','38604','马三家','2017-07-26 05:21:00','XD06',1.3,'5256986','5256986.48',NULL,'2017-07-26 05:13:00','接车'),('ebbde8b5-cb69-4886-91c1-88c3526567ea','28627','马三家','2017-07-25 23:35:00','XB01',2.4,'5256775','5256775.26','JV? 令0403-23','2017-07-25 23:27:00','接车'),('ec0ec4af-435f-4690-bb9f-a4440c8c4f3e','89003','马三家','2017-07-26 04:02:00','XD03',1.6,'5256909','5256909.45',NULL,'2017-07-26 03:54:00','接车'),('ecf27823-5033-4856-b970-a45c811e65d1','85301','马三家','2017-07-26 02:30:00','XD04',1.3,'5256959','5256959.14','批快快运','2017-07-26 02:22:00','接车'),('ed6cd494-38fb-4d64-b97c-7dc60e9f6ca5','28601','马三家','2017-07-26 04:30:00','XD05',1.2,'5256901','5256901.41',NULL,'2017-07-26 04:22:00','接车'),('ed732ecd-c034-4b0e-9427-9092a93d959d','44153','马三家','2017-07-26 00:10:00','XD05',1.2,'5256913','5256913.46','null 零快','2017-07-26 00:02:00','接车'),('eda8e406-42af-41dd-93f2-dc63a3a753bb','89029','马三家','2017-07-26 01:35:00','XD06',1.6,'5256814','5256814.23',NULL,'2017-07-26 01:27:00','接车'),('edaf147d-9059-4b06-8d4f-bfd34018bdc3','44153','马三家','2017-07-26 00:10:00','XD05',1.1,'5256913','5256913.34',NULL,'2017-07-26 00:02:00','接车'),('edd9acc2-e754-4ac2-b2ff-b89b552b95f7','85301','马三家','2017-07-26 02:30:00','XD04',1.3,'5256959','5256959.20',NULL,'2017-07-26 02:22:00','接车'),('ee3a808c-cc66-4b16-9040-964680d3adc7','38604','马三家','2017-07-26 05:21:00','XD06',1.3,'5256986','5256986.50',NULL,'2017-07-26 05:13:00','接车'),('ee7e13bc-c9f0-4814-9f3f-5602d7c6048c','11041','马三家','2017-07-26 03:50:00','XB01',1.3,'5256970','5256970.62','哈敞 敞顶箱','2017-07-26 03:42:00','接车'),('ef3d56f5-497a-4d21-a216-cf6062ab21fe','89029','马三家','2017-07-26 01:35:00','XD06',1.6,'5256814','5256814.41',NULL,'2017-07-26 01:27:00','接车'),('ef628b2b-8887-4344-ad0b-2bebf78f838c','11041','马三家','2017-07-26 03:50:00','XB01',1.2,'5256970','5256970.59','哈敞 敞顶箱','2017-07-26 03:42:00','接车'),('efb6bfc4-8788-4911-87e3-b525cba75f89','11041','马三家','2017-07-26 03:50:00','XB01',1.3,'5256970','5256970.10',NULL,'2017-07-26 03:42:00','接车'),('efcc2ad1-4d7c-4d31-9e9a-ce067c542dfa','44153','马三家','2017-07-26 00:10:00','XD05',1.2,'5256913','5256913.8',NULL,'2017-07-26 00:02:00','接车'),('f08ca653-478c-465d-ab74-0934c1de4728','11041','马三家','2017-07-26 03:50:00','XB01',1.3,'5256970','5256970.21',NULL,'2017-07-26 03:42:00','接车'),('f08f6d43-7a7e-4139-bb99-8094c222a0ee','11041','马三家','2017-07-26 03:50:00','XB01',1.2,'5256970','5256970.4',NULL,'2017-07-26 03:42:00','接车'),('f0b52bd0-31d7-4670-9f5f-3e7e9d6dd922','89003','马三家','2017-07-26 04:02:00','XD03',1.5,'5256909','5256909.32',NULL,'2017-07-26 03:54:00','接车'),('f10b505d-8084-4d9d-8d1a-7e01ee81c4a4','44153','马三家','2017-07-26 00:10:00','XD05',1.5,'5256913','5256913.64','F','2017-07-26 00:02:00','接车'),('f22fe54f-cefc-443a-a16c-61828a2adb49','11041','马三家','2017-07-26 03:50:00','XB01',1.2,'5256970','5256970.12',NULL,'2017-07-26 03:42:00','接车'),('f231f2e7-11ea-40d2-a93a-bb38dd864389','89001','马三家','2017-07-26 04:59:00','XD04',1.6,'5256900','5256900.25',NULL,'2017-07-26 04:51:00','接车'),('f2c74117-709a-4977-bd06-bdcaba8f8482','89003','马三家','2017-07-26 04:02:00','XD03',1.6,'5256909','5256909.49',NULL,'2017-07-26 03:54:00','接车'),('f2d00b68-fa26-4121-aeaa-cbdf54177c57','28601','马三家','2017-07-26 04:30:00','XD05',1.3,'5256901','5256901.21',NULL,'2017-07-26 04:22:00','接车'),('f3b942be-966e-419f-87fd-d77989a7b4d9','44153','马三家','2017-07-26 00:10:00','XD05',1.3,'5256913','5256913.43','null 零快','2017-07-26 00:02:00','接车'),('f3c0a2bc-8733-4d60-a525-cbf0f18360e1','11041','马三家','2017-07-26 03:50:00','XB01',1.2,'5256970','5256970.30','哈敞 敞顶箱','2017-07-26 03:42:00','接车'),('f470e973-98c8-4098-97a4-8a7243b99a94','85301','马三家','2017-07-26 02:30:00','XD04',1.3,'5256959','5256959.15','批快快运','2017-07-26 02:22:00','接车'),('f4b0b3f7-7ffa-4154-aa01-1675660be0bb','89003','马三家','2017-07-26 04:02:00','XD03',1.6,'5256909','5256909.13',NULL,'2017-07-26 03:54:00','接车'),('f4dede44-730c-4ed2-a43b-1466f6c0e072','38604','马三家','2017-07-26 05:21:00','XD06',1.3,'5256986','5256986.6',NULL,'2017-07-26 05:13:00','接车'),('f54f2333-051f-47fe-bdf7-d72669e40e58','11041','马三家','2017-07-26 03:50:00','XB01',1.2,'5256970','5256970.43','哈敞 敞顶箱','2017-07-26 03:42:00','接车'),('f56d40a4-3eb7-46dd-a971-203092a3f464','28627','马三家','2017-07-25 23:35:00','XB01',2.4,'5256775','5256775.1','JV? 令0403-23','2017-07-25 23:27:00','接车'),('f5c0fa18-ed34-4ccb-b0fb-0564718f3648','89003','马三家','2017-07-26 04:02:00','XD03',1.6,'5256909','5256909.51',NULL,'2017-07-26 03:54:00','接车'),('f613d833-65c9-4631-95c9-92834691f04d','28601','马三家','2017-07-26 04:30:00','XD05',1.2,'5256901','5256901.57',NULL,'2017-07-26 04:22:00','接车'),('f65b98f9-09d0-4452-9b3d-e901e94ebbc9','28627','马三家','2017-07-25 23:35:00','XB01',2.4,'5256775','5256775.16','JV? 令0403-23','2017-07-25 23:27:00','接车'),('f79d9ea6-6aad-4f44-8ca9-d14f8d20219f','85301','马三家','2017-07-26 02:30:00','XD04',1.1,'5256959','5256959.30','G2U 总包','2017-07-26 02:22:00','接车'),('f81e9d42-4fed-4ae4-b360-81d83c9040f4','44153','马三家','2017-07-26 00:10:00','XD05',1.1,'5256913','5256913.31',NULL,'2017-07-26 00:02:00','接车'),('f85e14bc-ed40-4b4d-a39c-1cae0116218b','28627','马三家','2017-07-25 23:35:00','XB01',1.3,'5256775','5256775.34','空','2017-07-25 23:27:00','接车'),('f86655b7-12ec-4541-be03-6c34d2a30e03','11041','马三家','2017-07-26 03:50:00','XB01',1.2,'5256970','5256970.9',NULL,'2017-07-26 03:42:00','接车'),('f8f404a6-d063-4b0f-902e-2014812364c9','89029','马三家','2017-07-26 01:35:00','XD06',1.5,'5256814','5256814.17',NULL,'2017-07-26 01:27:00','接车'),('f925ecc8-8b65-4d8f-9aea-5c3b98cca7ef','85301','马三家','2017-07-26 02:30:00','XD04',1.6,'5256959','5256959.16','快运+F批快J总包','2017-07-26 02:22:00','接车'),('f96a1204-05b5-48dc-ae1d-ced38583f039','44153','马三家','2017-07-26 00:10:00','XD05',1.5,'5256913','5256913.13','LKF\\/','2017-07-26 00:02:00','接车'),('f9e7691a-6ba7-4f70-b8ec-7b43b121315f','38604','马三家','2017-07-26 05:21:00','XD06',1.3,'5256986','5256986.29','局令：9873','2017-07-26 05:13:00','接车'),('fa8abb61-63a4-48ab-9a30-8aa0a9a4ec73','X1441','马三家','2017-07-26 02:00:00','XZ01',2.4,'5256954','5256954.13','JVU批快','2017-07-26 01:52:00','接车'),('fbb35fa7-5f09-41b3-a91f-b46412d48746','89003','马三家','2017-07-26 04:02:00','XD03',1.5,'5256909','5256909.43',NULL,'2017-07-26 03:54:00','接车'),('fc60b579-89d6-4721-9055-5783139d518b','28627','马三家','2017-07-25 23:35:00','XB01',1.2,'5256775','5256775.36','空','2017-07-25 23:27:00','接车'),('fdfc14c5-568b-4b6c-99a0-163519d8c31a','11041','马三家','2017-07-26 03:50:00','XB01',1.3,'5256970','5256970.48','哈敞 敞顶箱','2017-07-26 03:42:00','接车'),('fe774ab0-1421-4b2e-8327-146f42a04007','89003','马三家','2017-07-26 04:02:00','XD03',1.5,'5256909','5256909.54',NULL,'2017-07-26 03:54:00','接车'),('fe8a01b2-84f3-499a-a5e9-c9a9c2592924','28601','马三家','2017-07-26 04:30:00','XD05',1.2,'5256901','5256901.42',NULL,'2017-07-26 04:22:00','接车'),('fed6533b-758f-457d-806d-8bc4224f457a','38604','马三家','2017-07-26 05:21:00','XD06',1.3,'5256986','5256986.24','局令：9873','2017-07-26 05:13:00','接车'),('fef669d1-4777-48e0-a387-1143f31c4818','89029','马三家','2017-07-26 01:35:00','XD06',1.6,'5256814','5256814.18',NULL,'2017-07-26 01:27:00','接车'),('ff57f0b7-5062-4a2e-8428-298fbd6d5c06','38604','马三家','2017-07-26 05:21:00','XD06',1.3,'5256986','5256986.2',NULL,'2017-07-26 05:13:00','接车'),('ff6f7dda-75cd-473a-b6c1-4b95ff895dd2','28627','马三家','2017-07-25 23:35:00','XB01',2.4,'5256775','5256775.20','JV? 令0403-23','2017-07-25 23:27:00','接车'),('ffa36e6d-c920-461f-86ef-d0e050c7c730','X1441','马三家','2017-07-26 02:00:00','XZ01',2.4,'5256954','5256954.11','JVU批快','2017-07-26 01:52:00','接车');
/*!40000 ALTER TABLE `jc_plan_copy` ENABLE KEYS */;
UNLOCK TABLES;

--
-- Table structure for table `jc_plan_detals`
--

DROP TABLE IF EXISTS `jc_plan_detals`;
/*!40101 SET @saved_cs_client     = @@character_set_client */;
/*!40101 SET character_set_client = utf8 */;
CREATE TABLE `jc_plan_detals` (
  `delalsId` varchar(50) COLLATE utf8_unicode_ci NOT NULL,
  `jcNumber` varchar(20) COLLATE utf8_unicode_ci DEFAULT NULL,
  `jcJSL` varchar(45) COLLATE utf8_unicode_ci DEFAULT NULL,
  `jcImportant` varchar(45) COLLATE utf8_unicode_ci DEFAULT NULL,
  PRIMARY KEY (`delalsId`)
) ENGINE=InnoDB DEFAULT CHARSET=utf8 COLLATE=utf8_unicode_ci;
/*!40101 SET character_set_client = @saved_cs_client */;

--
-- Dumping data for table `jc_plan_detals`
--

LOCK TABLES `jc_plan_detals` WRITE;
/*!40000 ALTER TABLE `jc_plan_detals` DISABLE KEYS */;
INSERT INTO `jc_plan_detals` VALUES ('24c0386c-3051-44ac-872d-8d6e55dfc0d6','28627','禁峰','优先2、3、4道接车'),('daee2daa-84be-498b-b787-3a01200038d6','X1425','禁峰','优先2、3、4道接车'),('e466ae82-d463-4fc0-b768-cf791f8f4a4f','X1441','禁峰','优先2、3、4道接车');
/*!40000 ALTER TABLE `jc_plan_detals` ENABLE KEYS */;
UNLOCK TABLES;
/*!40103 SET TIME_ZONE=@OLD_TIME_ZONE */;

/*!40101 SET SQL_MODE=@OLD_SQL_MODE */;
/*!40014 SET FOREIGN_KEY_CHECKS=@OLD_FOREIGN_KEY_CHECKS */;
/*!40014 SET UNIQUE_CHECKS=@OLD_UNIQUE_CHECKS */;
/*!40101 SET CHARACTER_SET_CLIENT=@OLD_CHARACTER_SET_CLIENT */;
/*!40101 SET CHARACTER_SET_RESULTS=@OLD_CHARACTER_SET_RESULTS */;
/*!40101 SET COLLATION_CONNECTION=@OLD_COLLATION_CONNECTION */;
/*!40111 SET SQL_NOTES=@OLD_SQL_NOTES */;

-- Dump completed on 2017-07-26 14:45:08
