-- MySQL dump 10.13  Distrib 5.7.17, for Win64 (x86_64)
--
-- Host: localhost    Database: ygz_show
-- ------------------------------------------------------
-- Server version	5.7.18

/*!40101 SET @OLD_CHARACTER_SET_CLIENT=@@CHARACTER_SET_CLIENT */;
/*!40101 SET @OLD_CHARACTER_SET_RESULTS=@@CHARACTER_SET_RESULTS */;
/*!40101 SET @OLD_COLLATION_CONNECTION=@@COLLATION_CONNECTION */;
/*!40101 SET NAMES utf8 */;
/*!40103 SET @OLD_TIME_ZONE=@@TIME_ZONE */;
/*!40103 SET TIME_ZONE='+00:00' */;
/*!40014 SET @OLD_UNIQUE_CHECKS=@@UNIQUE_CHECKS, UNIQUE_CHECKS=0 */;
/*!40014 SET @OLD_FOREIGN_KEY_CHECKS=@@FOREIGN_KEY_CHECKS, FOREIGN_KEY_CHECKS=0 */;
/*!40101 SET @OLD_SQL_MODE=@@SQL_MODE, SQL_MODE='NO_AUTO_VALUE_ON_ZERO' */;
/*!40111 SET @OLD_SQL_NOTES=@@SQL_NOTES, SQL_NOTES=0 */;

--
-- Table structure for table `dc_plan_copy`
--

DROP TABLE IF EXISTS `dc_plan_copy`;
/*!40101 SET @saved_cs_client     = @@character_set_client */;
/*!40101 SET character_set_client = utf8 */;
CREATE TABLE `dc_plan_copy` (
  `copyId` varchar(50) COLLATE utf8_unicode_ci NOT NULL,
  `dcNumber` varchar(10) COLLATE utf8_unicode_ci DEFAULT NULL COMMENT '车次',
  `dcStartTime` datetime DEFAULT NULL,
  `dcEndTime` datetime DEFAULT NULL,
  `dcType` varchar(10) COLLATE utf8_unicode_ci DEFAULT NULL COMMENT '作业类型',
  `dcSource` varchar(10) COLLATE utf8_unicode_ci DEFAULT NULL COMMENT '源',
  `dcTFX` varchar(10) COLLATE utf8_unicode_ci DEFAULT NULL,
  `dcDj` int(11) DEFAULT NULL COMMENT '调机',
  `dcGJHID` varchar(20) COLLATE utf8_unicode_ci DEFAULT NULL COMMENT '勾计划id',
  `dcSWH` int(11) DEFAULT NULL,
  `dcZGBZ` varchar(4) COLLATE utf8_unicode_ci DEFAULT NULL COMMENT '加挂 减挂',
  `dcCS` int(11) DEFAULT NULL COMMENT '加减挂 数量',
  `dcJSL` varchar(45) COLLATE utf8_unicode_ci DEFAULT NULL COMMENT '记事栏',
  `dcIsUpdate` int(11) DEFAULT NULL,
  `dcJLSJ` datetime DEFAULT NULL,
  `dcGDM` varchar(10) COLLATE utf8_unicode_ci DEFAULT NULL,
  PRIMARY KEY (`copyId`)
) ENGINE=InnoDB DEFAULT CHARSET=utf8 COLLATE=utf8_unicode_ci;
/*!40101 SET character_set_client = @saved_cs_client */;

--
-- Dumping data for table `dc_plan_copy`
--

LOCK TABLES `dc_plan_copy` WRITE;
/*!40000 ALTER TABLE `dc_plan_copy` DISABLE KEYS */;
INSERT INTO `dc_plan_copy` VALUES ('023d4fb7-53ed-490a-a6dd-56da860ce18b','14502','2017-10-11 09:00:00','2017-10-11 09:30:00','解体','SD06','ST1',2,'7436',4,'-',7,'3新型034',NULL,'2017-10-11 09:10:58','SB16'),('02528374-5109-42bc-b6a6-718f23ffa724','11502','2017-10-11 08:30:00','2017-10-11 09:00:00','解体','SD05','ST1',2,'7427',9,'-',1,' ',NULL,'2017-10-11 08:54:14','SB18'),('044d3fe4-3b13-4715-b6e4-0f8fc60d94df','24508','2017-10-11 10:06:00','2017-10-11 10:39:00','解体','SD06','ST1',2,'7460',11,'-',1,'限382642',NULL,'2017-10-11 10:57:46','SB09'),('04539275-f0ca-4662-8c75-2a2ef7387bd0','49808','2017-10-11 11:30:00','2017-10-11 12:00:00','编组','SF22',NULL,6,'7473',1,'+',38,'K 812778',NULL,'2017-10-11 10:44:07','SB22'),('05b36a58-2621-45d0-af98-ce67df54d606','24510','2017-10-11 14:24:00','2017-10-11 14:54:00','解体','SD07','ST1',2,'7525',9,'-',1,'K ',NULL,'2017-10-11 14:26:33','SB17'),('06006335-5e66-49a4-8428-08e6f4106b60','10162','2017-10-11 09:30:00','2017-10-11 09:45:00','编组','SF21',NULL,6,'7448',1,'+',58,' 3824307',NULL,'2017-10-11 09:05:49','SB21'),('0808dcc6-1def-496e-a3df-6580c153b7b0','49020','2017-10-11 10:27:00','2017-10-11 10:59:00','解体','SD03','ST1',2,'7471',2,'-',2,'K ',NULL,'2017-10-11 10:55:45','SB26'),('0851ca12-1826-4244-9687-8a8f1ba93930','11506','2017-10-11 10:47:00','2017-10-11 11:20:00','解体','SD09','ST1',2,'7474',1,'+',35,' 3432261',NULL,'2017-10-11 10:49:42','SD09'),('08ffde8c-742f-4f02-be53-6065c9064c92','49030','2017-10-11 13:39:00','2017-10-11 14:11:00','解体','SD02','ST1',2,'7511',1,'+',59,' 1570927',NULL,'2017-10-11 14:01:03','SD02'),('0940a896-ee81-41a0-81be-7b395c8cd41a','11002AB','2017-10-11 09:15:00','2017-10-11 09:45:00','解体','SD08','ST1',2,'7444',3,'-',2,' ',NULL,'2017-10-11 08:57:29','SB23'),('097ca747-5e34-49b1-a62f-41f205ddaee2','00003','2017-10-11 11:00:00','2017-10-11 11:30:00','转场','SB28','XT1',3,'7467',1,'+',39,'H 全204',NULL,'2017-10-11 11:28:32','SB28'),('09a893a3-0e62-49a0-86e6-91dca8cdef71','49020','2017-10-11 10:27:00','2017-10-11 10:59:00','解体','SD03','ST1',2,'7471',8,'-',1,' ',NULL,'2017-10-11 10:55:45','SB09'),('0aec553d-b051-43f7-b271-356542725ce5',NULL,'2017-10-11 14:00:00','2017-10-11 15:00:00','送车','XB26','XT1',1,'7519',1,'+',3,'H 484241',NULL,'2017-10-11 13:57:37','XB26'),('0b61aa7e-db75-4807-bcef-fb3f2d9fbff3','00003','2017-10-11 11:00:00','2017-10-11 11:30:00','转场','SB28','XT1',3,'7467',2,'-',39,' 3310831',NULL,'2017-10-11 11:28:32','XD02'),('0c3d6b9e-7e04-4910-b90c-dd41ff8f8880',NULL,'2017-10-11 12:00:00','2017-10-11 12:30:00','挑车','SB07','ST1',8,'7481',3,'+',15,'全部 ',NULL,'2017-10-11 11:05:54','SB06'),('0e2fbb19-d31c-4dfa-8d06-ae8c04354465','34720','2017-10-11 10:18:00','2017-10-11 10:50:00','解体','SD07','ST1',2,'7466',3,'-',9,'K 722254',NULL,'2017-10-11 10:23:53','SB13'),('0eed396f-2d45-4233-aab9-d8b0e839b8d6','89323','2017-10-11 12:10:00','2017-10-11 12:40:00','解体','XD06','XT1',1,'7496',3,'-',3,'K ',NULL,'2017-10-11 12:34:52','XB18'),('10f09448-832d-490a-8613-48191aa8148b','11506','2017-10-11 10:47:00','2017-10-11 11:20:00','解体','SD09','ST1',2,'7474',5,'-',1,' ',NULL,'2017-10-11 10:49:42','SB09'),('11bc357d-e96e-4ee3-b97b-453e5aa52e4e','24510','2017-10-11 14:24:00','2017-10-11 14:54:00','解体','SD07','ST1',2,'7525',8,'-',5,'K 952396',NULL,'2017-10-11 14:26:33','SB16'),('1210b849-f549-4b22-ad49-be7bc80cb478','00001','2017-10-11 11:00:00','2017-10-11 11:20:00','解体','XD05','XT1',1,'7461',3,'-',1,'K 空线 ',NULL,'2017-10-11 11:28:12','XB09'),('12f526c5-bb72-4926-8ff0-fc4a60195648','11502','2017-10-11 08:30:00','2017-10-11 09:00:00','解体','SD05','ST1',2,'7427',16,'-',29,'KG 空931',NULL,'2017-10-11 08:54:14','SB15'),('13a7ed96-4ae3-4788-9fe7-2de8335d0293','34720','2017-10-11 10:18:00','2017-10-11 10:50:00','解体','SD07','ST1',2,'7466',1,'+',51,' 4910681',NULL,'2017-10-11 10:23:53','SD07'),('14166507-bd14-4464-ac73-83a90f7c11cc',NULL,'2017-10-11 12:00:00','2017-10-11 12:30:00','挑车','SB07','ST1',8,'7481',6,'-',22,' 4842640',NULL,'2017-10-11 11:05:54','SB15'),('160756d5-05e5-4754-b7ba-2bf5e8bc5503','11042','2017-10-11 12:00:00','2017-10-11 12:30:00','解体','SD04','ST1',2,'7484',7,'-',9,'2新型193',NULL,'2017-10-11 12:00:16','SB09'),('160a3173-ec22-4ef1-bac5-e63d70cd7c5a','11504','2017-10-11 09:10:00','2017-10-11 09:40:00','解体','SD04','ST1',2,'7441',24,'-',3,' ',NULL,'2017-10-11 08:42:03','SB21'),('175dae7d-762a-46d9-ba5b-7256a70b65b1','89004','2017-10-11 10:00:00','2017-10-11 10:30:00','解体','SD02','ST1',2,'7456',5,'-',23,'K 空394',NULL,'2017-10-11 09:51:24','SB29'),('18561a66-01cf-4288-88ed-49ad82914a53','49808','2017-10-11 11:30:00','2017-10-11 12:00:00','编组','SF22',NULL,6,'7473',2,'-',38,'组成 ',NULL,'2017-10-11 10:44:07','SF22'),('1a1e4530-8374-4e03-aab1-5938f5a529aa','11504','2017-10-11 09:10:00','2017-10-11 09:40:00','解体','SD04','ST1',2,'7441',23,'-',8,'4新型394',NULL,'2017-10-11 08:42:03','SB23'),('1aa70a24-cfd2-4a35-a025-de72d94e1773','49811','2017-10-11 11:00:00','2017-10-11 11:30:00','甩挂','XZ01','XT1',7,'7463',1,'+',2,'K 长163',NULL,'2017-10-11 11:45:09','XB31'),('1adc4c3e-d169-4a54-b522-bb2e79c3767a',NULL,'2017-10-11 13:40:00','2017-10-11 14:00:00','挑车','XB15','XT1',3,'7513',1,'+',6,' 3407861',NULL,'2017-10-11 13:42:20','XB15'),('1dd1f3bc-abce-461c-9b73-41783b243d32','52603','2017-10-11 08:25:00','2017-10-11 08:55:00','解体','XD05','XT1',3,'7435',1,'+',10,' 3107763',NULL,'2017-10-11 08:20:07','XD05'),('1e3764fe-b863-4cd6-b782-b17b6f8e3120','49020','2017-10-11 10:27:00','2017-10-11 10:59:00','解体','SD03','ST1',2,'7471',12,'-',1,'K ',NULL,'2017-10-11 10:55:45','SB27'),('1e490b7c-cb75-4c6e-b79f-688773ba1049','38506','2017-10-11 07:30:00','2017-10-11 08:00:00','编组','SF17',NULL,8,'7418',3,'-',56,'组成 ',NULL,'2017-10-11 08:38:06','SF17'),('1e8f4a20-79af-4958-9094-e53f96261732','89323','2017-10-11 12:10:00','2017-10-11 12:40:00','解体','XD06','XT1',1,'7496',5,'-',3,'K ',NULL,'2017-10-11 12:34:52','XB18'),('1eaf6483-0fbf-4c5f-a722-63af0ff99c96','34722','2017-10-11 13:46:00','2017-10-11 14:18:00','解体','SD08','ST1',2,'7516',1,'+',55,' 4833078',NULL,'2017-10-11 14:20:49','SD08'),('1f74dfa0-92d2-4f4e-a755-375a43340e39',NULL,'2017-10-11 14:00:00','2017-10-11 15:00:00','送车','XB26','XT1',1,'7519',4,'+',1,'48462241',NULL,'2017-10-11 13:57:37','XB29'),('1fcf0e8d-e385-4d22-b843-ce168e94401a','89004','2017-10-11 10:00:00','2017-10-11 10:30:00','解体','SD02','ST1',2,'7456',2,'-',15,'K 464189',NULL,'2017-10-11 09:51:24','SB22'),('205421b4-a0c4-46e2-8255-16b797e4f8c5','24510','2017-10-11 14:24:00','2017-10-11 14:54:00','解体','SD07','ST1',2,'7525',15,'-',12,'限货 530',NULL,'2017-10-11 14:26:33','SB18'),('208a1591-4e87-48e9-9dba-34b09d64a14e',NULL,'2017-10-11 12:00:00','2017-10-11 12:30:00','挑车','SB07','ST1',8,'7481',5,'-',3,' ',NULL,'2017-10-11 11:05:54','SB11'),('237bc064-eae6-4453-8078-bc25c3a80562','11504','2017-10-11 09:10:00','2017-10-11 09:40:00','解体','SD04','ST1',2,'7441',22,'-',1,'1新型411',NULL,'2017-10-11 08:42:03','SB21'),('2585ada2-6063-4f62-bbcc-9e6d02356050','49030','2017-10-11 13:39:00','2017-10-11 14:11:00','解体','SD02','ST1',2,'7511',7,'-',1,'K ',NULL,'2017-10-11 14:01:03','SB10'),('25f77ccf-081f-4fc5-a84b-173bb5e640bc','49512AB','2017-10-11 08:20:00','2017-10-11 08:45:00','解体','SD07','ST1',4,'7423',10,'-',2,'K ',NULL,'2017-10-11 08:16:10','SB22'),('26557d4a-43e1-4cee-9442-0be9d94b37ce','11502','2017-10-11 08:30:00','2017-10-11 09:00:00','解体','SD05','ST1',2,'7427',6,'-',1,'限新型38',NULL,'2017-10-11 08:54:14','SB16'),('275df39a-5b10-437e-96f3-7fee903ef9e6','24510','2017-10-11 14:24:00','2017-10-11 14:54:00','解体','SD07','ST1',2,'7525',4,'-',3,'K 空线 ',NULL,'2017-10-11 14:26:33','SB12'),('2808325b-0dee-4056-99d7-cc5174d55221','49020','2017-10-11 10:27:00','2017-10-11 10:59:00','解体','SD03','ST1',2,'7471',25,'-',2,'K ',NULL,'2017-10-11 10:55:45','SB27'),('285af78f-01bc-459e-8d75-75c00be0f46b','49020','2017-10-11 10:27:00','2017-10-11 10:59:00','解体','SD03','ST1',2,'7471',5,'-',1,'K ',NULL,'2017-10-11 10:55:45','SB22'),('28b549d9-f20d-49ba-b4bc-486b024c177c','34722','2017-10-11 13:46:00','2017-10-11 14:18:00','解体','SD08','ST1',2,'7516',11,'-',1,'K4932589',NULL,'2017-10-11 14:20:49','SB16'),('2987c6ec-f0c9-490d-be48-fcce3dcd8f92','24510','2017-10-11 14:24:00','2017-10-11 14:54:00','解体','SD07','ST1',2,'7525',5,'-',2,'K ',NULL,'2017-10-11 14:26:33','SB17'),('29c96bbe-4c6a-4967-987c-c48c905fc1c5','28614','2017-10-11 14:50:00','2017-10-11 15:20:00','编组','SF18',NULL,8,'7526',2,'-',52,'组成 ',NULL,'2017-10-11 14:27:06','SF18'),('2adca735-0154-48bc-9efa-2ac1411dd631','11504','2017-10-11 09:10:00','2017-10-11 09:40:00','解体','SD04','ST1',2,'7441',15,'-',2,' ',NULL,'2017-10-11 08:42:03','SB23'),('2baa1240-2b46-405e-8ac5-abeb722a033f','11504','2017-10-11 09:10:00','2017-10-11 09:40:00','解体','SD04','ST1',2,'7441',18,'-',1,' ',NULL,'2017-10-11 08:42:03','SB21'),('2cdbc040-4b4a-41d7-a422-ba264f23f536','38506','2017-10-11 07:30:00','2017-10-11 08:00:00','编组','SF17',NULL,8,'7418',2,'+',19,' 6140819',NULL,'2017-10-11 08:38:06','SB17'),('2d57f95d-082b-4922-8f32-0d5afc16c74a','14502','2017-10-11 09:00:00','2017-10-11 09:30:00','解体','SD06','ST1',2,'7436',2,'-',1,' ',NULL,'2017-10-11 09:10:58','SB16'),('2e23fecf-9894-4ece-ac43-26b2b4b107cf','11502','2017-10-11 08:30:00','2017-10-11 09:00:00','解体','SD05','ST1',2,'7427',5,'-',6,'2新型445',NULL,'2017-10-11 08:54:14','SB18'),('2ecb535f-b76b-4dc0-a639-58eca175133e','49512AB','2017-10-11 08:20:00','2017-10-11 08:45:00','解体','SD07','ST1',4,'7423',18,'-',1,'K ',NULL,'2017-10-11 08:16:10','SB13'),('2ef9be21-415d-42b7-80b3-a63295d7f4e7','52603','2017-10-11 08:25:00','2017-10-11 08:55:00','解体','XD05','XT1',3,'7435',4,'-',1,'K ',NULL,'2017-10-11 08:20:07','XB09'),('2f90313f-820c-404d-bd88-213ab46106e6','11506','2017-10-11 10:47:00','2017-10-11 11:20:00','解体','SD09','ST1',2,'7474',9,'-',1,'限货 ',NULL,'2017-10-11 10:49:42','SB27'),('2fcdc9ae-2708-44a5-bd18-a0a2836b2a9d','44156','2017-10-11 14:00:00','2017-10-11 14:30:00','编组','SF19',NULL,8,'7497',2,'-',34,'组成 ',NULL,'2017-10-11 12:09:44','SF19'),('30d8a54b-d022-4175-bb37-ef390b0dee94','00003','2017-10-11 11:20:00','2017-10-11 11:50:00','解体','XD02','XT1',3,'7469',8,'-',1,'限货 ',NULL,'2017-10-11 12:37:00','XB18'),('30dc527a-fe7b-421a-a8f3-3692ce30b9fb','28610','2017-10-11 12:00:00','2017-10-11 12:30:00','编组','SF24',NULL,6,'7479',2,'-',60,'组成 ',NULL,'2017-10-11 10:54:00','SF24'),('30f5cb85-b08d-41ba-ad0d-dca81ef3b895','49030','2017-10-11 13:39:00','2017-10-11 14:11:00','解体','SD02','ST1',2,'7511',13,'-',1,'K ',NULL,'2017-10-11 14:01:03','SB14'),('31deab7d-be04-4669-bcc0-86cc2aabd46e','41114','2017-10-11 13:00:00','2017-10-11 13:30:00','编组','SF15',NULL,8,'7482',2,'-',71,'组成 ',NULL,'2017-10-11 11:02:59','SF15'),('32b185fe-0d2c-4460-8e03-adfb0a121bb0','11002AB','2017-10-11 09:15:00','2017-10-11 09:45:00','解体','SD08','ST1',2,'7444',8,'-',1,' ',NULL,'2017-10-11 08:57:29','SB06'),('32ca4534-57a8-469c-93f3-37fbc995d9c0','38506','2017-10-11 07:30:00','2017-10-11 08:00:00','编组','SF17',NULL,8,'7418',1,'+',37,'K 661753',NULL,'2017-10-11 08:38:06','SB12'),('33b9d5ad-a563-4025-bdc2-a325bef7f3c4',NULL,'2017-10-11 12:30:00','2017-10-11 13:00:00','挑车','HW03','ST1',8,'7490',4,'-',1,' ',NULL,'2017-10-11 11:54:30','SB18'),('343eccdd-4750-49b8-889c-e4c9bd721d17','44164','2017-10-11 14:30:00','2017-10-11 15:00:00','编组','SF11',NULL,6,'7522',1,'+',28,'全部 ',NULL,'2017-10-11 14:09:08','SB10'),('346267ed-25e3-4dea-8f82-747baa6b8bf2','52603','2017-10-11 08:25:00','2017-10-11 08:55:00','解体','XD05','XT1',3,'7435',6,'-',2,'K 151777',NULL,'2017-10-11 08:20:07','XB09'),('34c06d87-eeec-472e-ae1b-16e8fb81f394','14502','2017-10-11 09:00:00','2017-10-11 09:30:00','解体','SD06','ST1',2,'7436',14,'-',4,' ',NULL,'2017-10-11 09:10:58','SB21'),('353d5c5d-69a9-471f-b7d6-ba6bba049007','11002AB','2017-10-11 09:15:00','2017-10-11 09:45:00','解体','SD08','ST1',2,'7444',5,'-',7,' 5231945',NULL,'2017-10-11 08:57:29','SB23'),('364852c6-8cda-45a9-9ce6-6226420d37f2','49507','2017-10-11 11:20:00','2017-10-11 11:30:00','编组','XF12',NULL,5,'7483',2,'-',54,'组成 ',NULL,'2017-10-11 11:03:30','XF12'),('38090fea-0713-4f26-a9c3-3debd94623a9','49020','2017-10-11 10:27:00','2017-10-11 10:59:00','解体','SD03','ST1',2,'7471',13,'-',1,'K ',NULL,'2017-10-11 10:55:45','SB05'),('385711b8-5e5b-440f-aa9a-566e24415d17','10164','2017-10-11 12:50:00','2017-10-11 13:20:00','编组','SF01',NULL,6,'7492',3,'+',32,'全部 ',NULL,'2017-10-11 11:54:21','SB09'),('389cca89-a334-4362-901e-04c3d17e7f75','H89840','2017-10-11 08:30:00','2017-10-11 09:00:00','编组','SF09',NULL,6,'7394',2,'-',57,'组成[394',NULL,'2017-10-11 07:53:56','SF09'),('3983b865-0efe-4b37-88ee-9a040f2fe9ba','34722','2017-10-11 13:46:00','2017-10-11 14:18:00','解体','SD08','ST1',2,'7516',9,'-',2,'K ',NULL,'2017-10-11 14:20:49','SB16'),('3a1c6f40-5023-4078-b5da-b5c398a64f21','49512AB','2017-10-11 08:20:00','2017-10-11 08:45:00','解体','SD07','ST1',4,'7423',21,'-',1,'K.163210',NULL,'2017-10-11 08:16:10','SB13'),('3a4c5b2d-2471-4eb0-b572-49ff9c3206eb','49020','2017-10-11 10:27:00','2017-10-11 10:59:00','解体','SD03','ST1',2,'7471',16,'-',1,'K3812542',NULL,'2017-10-11 10:55:45','SB22'),('3ab7404c-7b6b-45ea-96d9-35e79eaebcd2','00001','2017-10-11 10:30:00','2017-10-11 11:00:00','转场','SB29','XT1',1,'7459',1,'+',23,'K 全394',NULL,'2017-10-11 11:27:57','SB29'),('3c5110d4-82fc-445d-a213-8e5f17264786','14502','2017-10-11 09:00:00','2017-10-11 09:30:00','解体','SD06','ST1',2,'7436',10,'-',2,' ',NULL,'2017-10-11 09:10:58','SB16'),('3c7d99e5-f7f7-4785-a887-4a0143187e4b','24508','2017-10-11 10:06:00','2017-10-11 10:39:00','解体','SD06','ST1',2,'7460',4,'-',1,'限 ',NULL,'2017-10-11 10:57:46','SB24'),('3c8c6df7-a458-4e0e-9e92-7dfabac14e6a','11504','2017-10-11 09:10:00','2017-10-11 09:40:00','解体','SD04','ST1',2,'7441',21,'-',3,'2新型341',NULL,'2017-10-11 08:42:03','SB23'),('3d0644ac-e476-4413-87e9-6288fc1e7ccf','11506','2017-10-11 10:47:00','2017-10-11 11:20:00','解体','SD09','ST1',2,'7474',4,'-',2,' ',NULL,'2017-10-11 10:49:42','SB24'),('3d185b4d-dec6-4658-8e82-1e342cab09f4','34722','2017-10-11 13:46:00','2017-10-11 14:18:00','解体','SD08','ST1',2,'7516',12,'-',1,'K ',NULL,'2017-10-11 14:20:49','SB10'),('3dbcc7d5-0452-4b37-823b-87eb87e74499','11504','2017-10-11 09:10:00','2017-10-11 09:40:00','解体','SD04','ST1',2,'7441',2,'-',2,'2新型 ',NULL,'2017-10-11 08:42:03','SB23'),('406c9e9f-4b67-49ec-98c1-f6279e24fd60','00001','2017-10-11 11:00:00','2017-10-11 11:20:00','解体','XD05','XT1',1,'7461',7,'-',1,'K ',NULL,'2017-10-11 11:28:12','XB19'),('406ce20d-4e59-4f7d-960f-f3f4be7013fd','34722','2017-10-11 13:46:00','2017-10-11 14:18:00','解体','SD08','ST1',2,'7516',4,'-',1,'K ',NULL,'2017-10-11 14:20:49','SB27'),('408e61ec-c78a-4675-b577-cef011e9b0d4','11002AB','2017-10-11 09:15:00','2017-10-11 09:45:00','解体','SD08','ST1',2,'7444',7,'-',11,'2新型021',NULL,'2017-10-11 08:57:29','SB23'),('411c5c3f-645a-403e-8866-bba0d37b61bf',NULL,'2017-10-11 14:20:00','2017-10-11 14:50:00','挑车','XB09','XT1',5,'7524',1,'+',3,'K 331831',NULL,'2017-10-11 14:19:32','XB09'),('41f5da8c-8cb3-4edb-83aa-f59bf006c3f5','49020','2017-10-11 10:27:00','2017-10-11 10:59:00','解体','SD03','ST1',2,'7471',9,'-',2,'空线 ',NULL,'2017-10-11 10:55:45','SB10'),('426a39e6-ad21-4cf4-8aa9-9453c4eaa599','49512AB','2017-10-11 08:20:00','2017-10-11 08:45:00','解体','SD07','ST1',4,'7423',3,'-',1,'K ',NULL,'2017-10-11 08:16:10','SB12'),('4372848e-67da-45ba-bb26-87aa5b177a7c','24508','2017-10-11 10:06:00','2017-10-11 10:39:00','解体','SD06','ST1',2,'7460',12,'-',3,'限货 ',NULL,'2017-10-11 10:57:46','SB24'),('4411c8f4-0da9-4b0c-8166-ad5130bcb030','11504','2017-10-11 09:10:00','2017-10-11 09:40:00','解体','SD04','ST1',2,'7441',10,'-',2,' ',NULL,'2017-10-11 08:42:03','SB18'),('44142a07-9016-41c7-8127-501dbbff8bfb','49512AB','2017-10-11 08:20:00','2017-10-11 08:45:00','解体','SD07','ST1',4,'7423',9,'-',1,'K 空线 ',NULL,'2017-10-11 08:16:10','SB28'),('443898d3-e705-4748-9c7e-f958d75713ef','44164','2017-10-11 14:30:00','2017-10-11 15:00:00','编组','SF11',NULL,6,'7522',3,'-',67,'H组成312',NULL,'2017-10-11 14:09:08','SF11'),('44e67e30-9943-4890-bd12-6c6d22ee3ae4','24508','2017-10-11 10:06:00','2017-10-11 10:39:00','解体','SD06','ST1',2,'7460',13,'-',5,' 5280269',NULL,'2017-10-11 10:57:46','SB09'),('45f4fbab-e754-4b50-b2a0-0193bdb55aa7','14502','2017-10-11 09:00:00','2017-10-11 09:30:00','解体','SD06','ST1',2,'7436',9,'-',3,'限 ',NULL,'2017-10-11 09:10:58','SB18'),('4712cc98-3d8a-4da4-920a-d20e34e46a55','49527','2017-10-11 08:25:00','2017-10-11 09:00:00','编组','XF07',NULL,7,'7432',5,'-',25,'组成 ',NULL,'2017-10-11 08:15:51','XF07'),('473426b5-fc74-4ef5-afab-4aab537be03e','11504','2017-10-11 09:10:00','2017-10-11 09:40:00','解体','SD04','ST1',2,'7441',12,'-',3,' ',NULL,'2017-10-11 08:42:03','SB21'),('47408fac-e00d-4f78-bfe8-d2b864cdef0d','49030','2017-10-11 13:39:00','2017-10-11 14:11:00','解体','SD02','ST1',2,'7511',4,'-',3,'限卷 ',NULL,'2017-10-11 14:01:03','SB18'),('4742d057-c3b6-4699-8134-a1138161389d','49022','2017-10-11 12:30:00','2017-10-11 13:00:00','解体','SD05','ST1',2,'7493',7,'-',8,' 6605241',NULL,'2017-10-11 12:44:10','SB10'),('474f362f-6a54-4084-899d-90e16338e919','49020','2017-10-11 10:27:00','2017-10-11 10:59:00','解体','SD03','ST1',2,'7471',20,'-',1,'K ',NULL,'2017-10-11 10:55:45','SB06'),('47c49a0a-e785-4ae5-84ec-7fc8a5c1e5cf',NULL,'2017-10-11 09:00:00','2017-10-11 09:30:00','挑车','XB26','XT1',5,'7446',1,'+',2,'H 345288',NULL,'2017-10-11 09:01:45','XB26'),('47ca8fdb-bbe3-4d9d-9622-903db716acc9',NULL,'2017-10-11 12:30:00','2017-10-11 13:00:00','挑车','HW03','ST1',8,'7490',2,'+',1,'货四4955',NULL,'2017-10-11 11:54:30','HW04'),('488f5169-5aff-41ec-91a8-b40310350c04','49020','2017-10-11 10:27:00','2017-10-11 10:59:00','解体','SD03','ST1',2,'7471',22,'-',1,'限货 整 ',NULL,'2017-10-11 10:55:45','SB05'),('49377408-c057-4628-bc3a-34260c468e1c',NULL,'2017-10-11 13:10:00','2017-10-11 13:40:00','挑车','SB05','ST1',2,'7505',2,'-',1,'K ',NULL,'2017-10-11 13:00:29','SB27'),('49c97116-2ee8-48bb-b83a-d7bcf806d557','49020','2017-10-11 10:27:00','2017-10-11 10:59:00','解体','SD03','ST1',2,'7471',10,'-',1,'K ',NULL,'2017-10-11 10:55:45','SB22'),('4bc7f470-793c-4fd2-af71-a4b614562683','49030','2017-10-11 13:39:00','2017-10-11 14:11:00','解体','SD02','ST1',2,'7511',6,'-',5,'限卷 ',NULL,'2017-10-11 14:01:03','SB18'),('4c29f0f7-20c9-46d2-92e5-5262cd0c0982','49031','2017-10-11 11:40:00','2017-10-11 11:50:00','编组','XF19',NULL,5,'7486',2,'-',59,'组成 ',NULL,'2017-10-11 11:16:52','XF19'),('4ccce306-1539-4737-87a5-2ed8838c0092','11002AB','2017-10-11 09:15:00','2017-10-11 09:45:00','解体','SD08','ST1',2,'7444',1,'+',60,' 5440072',NULL,'2017-10-11 08:57:29','SD08'),('4cd56f74-613f-4cc4-82cb-2f537975821d','34722','2017-10-11 13:46:00','2017-10-11 14:18:00','解体','SD08','ST1',2,'7516',13,'-',12,'K列 7450',NULL,'2017-10-11 14:20:49','SB13'),('4d0483ea-c805-4203-82a1-166a8552f6b7','11009','2017-10-11 12:40:00','2017-10-11 12:50:00','编组','XF18',NULL,5,'7498',1,'+',56,' 8108877',NULL,'2017-10-11 12:11:01','XB18'),('4d0b05b0-5bbf-4b0e-bdb3-c2b8b4a71861','34722','2017-10-11 13:46:00','2017-10-11 14:18:00','解体','SD08','ST1',2,'7516',17,'-',13,'K 966277',NULL,'2017-10-11 14:20:49','SB16'),('4d993431-06f9-48e1-94cb-f4a2080b3178','10134','2017-10-11 09:20:00','2017-10-11 09:50:00','编组','SF18',NULL,8,'7443',2,'-',55,'组成 ',NULL,'2017-10-11 09:28:13','SF18'),('4e01225c-69e0-493b-8b1e-bc887427cf03','24510','2017-10-11 14:24:00','2017-10-11 14:54:00','解体','SD07','ST1',2,'7525',1,'+',54,' 4914104',NULL,'2017-10-11 14:26:33','SD07'),('4e08bc31-6288-4005-a6d4-08b40c02b266','11002AB','2017-10-11 09:15:00','2017-10-11 09:45:00','解体','SD08','ST1',2,'7444',11,'-',1,'K8002137',NULL,'2017-10-11 08:57:29','SB06'),('4e9aabc6-c09c-4eea-8902-6ffd8d4a1635','11502','2017-10-11 08:30:00','2017-10-11 09:00:00','解体','SD05','ST1',2,'7427',11,'-',1,'3109820 ',NULL,'2017-10-11 08:54:14','SB23'),('4ed25044-6757-4d90-a096-471b5a15860d','24510','2017-10-11 14:24:00','2017-10-11 14:54:00','解体','SD07','ST1',2,'7525',13,'-',1,'K ',NULL,'2017-10-11 14:26:33','SB17'),('4edff2f7-30e8-4828-b4ed-ab7163f79055','11002AB','2017-10-11 09:15:00','2017-10-11 09:45:00','解体','SD08','ST1',2,'7444',9,'-',1,'列 ',NULL,'2017-10-11 08:57:29','SB23'),('513a55f0-1df4-4173-ab7d-95f418c9da76','89004','2017-10-11 10:00:00','2017-10-11 10:30:00','解体','SD02','ST1',2,'7456',1,'+',49,' 3117886',NULL,'2017-10-11 09:51:24','SD02'),('52ebd4ff-a344-48e2-89cc-7dcd7d2654c3','49512AB','2017-10-11 08:20:00','2017-10-11 08:45:00','解体','SD07','ST1',4,'7423',11,'-',2,'限350727',NULL,'2017-10-11 08:16:10','SB16'),('532ab630-ce6b-4569-90af-743ede38eb3c','89323','2017-10-11 12:10:00','2017-10-11 12:40:00','解体','XD06','XT1',1,'7496',13,'-',1,'K ',NULL,'2017-10-11 12:34:52','XB26'),('5350f0cb-5403-4b5d-b10c-2159dba7227b','10134','2017-10-11 09:20:00','2017-10-11 09:50:00','编组','SF18',NULL,8,'7443',1,'+',55,' 3317808',NULL,'2017-10-11 09:28:13','SB18'),('5521c2c1-89ae-438f-b636-26bbbd173afc','24510','2017-10-11 14:24:00','2017-10-11 14:54:00','解体','SD07','ST1',2,'7525',12,'-',3,'K ',NULL,'2017-10-11 14:26:33','SB12'),('560ce31b-ce43-41bb-9fb8-13dd27546d15','11502','2017-10-11 08:30:00','2017-10-11 09:00:00','解体','SD05','ST1',2,'7427',10,'-',3,'3新型655',NULL,'2017-10-11 08:54:14','SB16'),('563582e6-2749-4291-81a3-e78d31ec054f','11042','2017-10-11 12:00:00','2017-10-11 12:30:00','解体','SD04','ST1',2,'7484',3,'-',1,'限 ',NULL,'2017-10-11 12:00:16','SB09'),('56eae046-4889-4868-b14a-8ed719b78013',NULL,'2017-10-11 09:20:00','2017-10-11 09:50:00','挑车','XB36','XT1',3,'7450',2,'-',2,'K 长轴 ',NULL,'2017-10-11 09:16:40','XB31'),('572e88b2-8617-451b-a2fb-fcd6aceb0292','28608','2017-10-11 10:30:00','2017-10-11 10:45:00','编组','SF20',NULL,6,'7462',1,'+',43,' 3120277',NULL,'2017-10-11 10:18:08','SB20'),('57a4eef7-318b-44e0-a08e-d38d9d1e7893','49022','2017-10-11 12:30:00','2017-10-11 13:00:00','解体','SD05','ST1',2,'7493',9,'-',1,'限货 ',NULL,'2017-10-11 12:44:10','SB18'),('57ab67c7-1e73-47e3-9865-21a39a7f57b0','11002AB','2017-10-11 09:15:00','2017-10-11 09:45:00','解体','SD08','ST1',2,'7444',10,'-',2,'2新型 ',NULL,'2017-10-11 08:57:29','SB07'),('5888beb5-892a-4658-bc76-856d129df0ee','24508','2017-10-11 10:06:00','2017-10-11 10:39:00','解体','SD06','ST1',2,'7460',7,'-',2,' 3802532',NULL,'2017-10-11 10:57:46','SB24'),('58b54f88-21ce-467f-bd7c-e132f526c04c','49020','2017-10-11 10:27:00','2017-10-11 10:59:00','解体','SD03','ST1',2,'7471',24,'-',12,'7新型608',NULL,'2017-10-11 10:55:45','SB19'),('58da2aae-4776-4fdf-a8d0-c8ff213ec327','11502','2017-10-11 08:30:00','2017-10-11 09:00:00','解体','SD05','ST1',2,'7427',14,'-',1,' ',NULL,'2017-10-11 08:54:14','SB18'),('5b34dfde-e178-4d9c-bd7e-122fcc909e21','00001','2017-10-11 11:00:00','2017-10-11 11:20:00','解体','XD05','XT1',1,'7461',1,'+',23,' 3312394',NULL,'2017-10-11 11:28:12','XD05'),('5ca1d903-f08c-4eb0-bfc3-a585a1214546','10164','2017-10-11 12:50:00','2017-10-11 13:20:00','编组','SF01',NULL,6,'7492',2,'-',1,' ',NULL,'2017-10-11 11:54:21','SB01'),('5d203d3c-6527-48b5-8972-63cb3ad27796','34722','2017-10-11 13:46:00','2017-10-11 14:18:00','解体','SD08','ST1',2,'7516',7,'-',2,'K ',NULL,'2017-10-11 14:20:49','SB16'),('5ebca767-97e4-4c23-92d7-3116a87bfb2f','24508','2017-10-11 10:06:00','2017-10-11 10:39:00','解体','SD06','ST1',2,'7460',6,'-',1,'K3425657',NULL,'2017-10-11 10:57:46','SB27'),('5ee35302-8bd6-4daf-a05b-2f421e9e17a0','49020','2017-10-11 10:27:00','2017-10-11 10:59:00','解体','SD03','ST1',2,'7471',18,'-',1,' ',NULL,'2017-10-11 10:55:45','SB10'),('5fe1efd8-7da1-4d47-beed-06eeefd167a6','49527','2017-10-11 08:25:00','2017-10-11 09:00:00','编组','XF07',NULL,7,'7432',1,'+',1,' 1567676',NULL,'2017-10-11 08:15:51','XB02'),('60992b19-bf5e-4d77-b305-4887d0621192','11504','2017-10-11 09:10:00','2017-10-11 09:40:00','解体','SD04','ST1',2,'7441',14,'-',1,'限货 ',NULL,'2017-10-11 08:42:03','SB21'),('60d5272a-7d92-472e-b603-d316feaf83c3',NULL,'2017-10-11 14:00:00','2017-10-11 15:00:00','送车','XB26','XT1',1,'7519',3,'-',2,'K ',NULL,'2017-10-11 13:57:37','XB26'),('61d9bf10-708b-4adc-9a6e-c798cedb6e68','00001','2017-10-11 11:00:00','2017-10-11 11:20:00','解体','XD05','XT1',1,'7461',2,'-',6,'K 429425',NULL,'2017-10-11 11:28:12','XB12'),('62558e97-3472-4bda-b7f7-a03e455ec191','34722','2017-10-11 13:46:00','2017-10-11 14:18:00','解体','SD08','ST1',2,'7516',8,'-',1,'K ',NULL,'2017-10-11 14:20:49','SB10'),('6362cfae-3ab4-48ca-a707-ce7b9f6aeb05','24508','2017-10-11 10:06:00','2017-10-11 10:39:00','解体','SD06','ST1',2,'7460',9,'-',1,'限货 ',NULL,'2017-10-11 10:57:46','SB09'),('6509d1f2-f923-4877-8245-04ef956ca799','11504','2017-10-11 09:10:00','2017-10-11 09:40:00','解体','SD04','ST1',2,'7441',25,'-',2,'1新型 ',NULL,'2017-10-11 08:42:03','SB23'),('652548d1-14f7-4266-9783-2d0ebccaa326','11504','2017-10-11 09:10:00','2017-10-11 09:40:00','解体','SD04','ST1',2,'7441',20,'-',1,' ',NULL,'2017-10-11 08:42:03','SB21'),('66ac3e45-d421-4ed9-80bc-da760316a79e','49512AB','2017-10-11 08:20:00','2017-10-11 08:45:00','解体','SD07','ST1',4,'7423',12,'-',1,'K ',NULL,'2017-10-11 08:16:10','SB22'),('66c691bb-e0f0-4a1e-8206-3cf760df4b5c','49030','2017-10-11 13:39:00','2017-10-11 14:11:00','解体','SD02','ST1',2,'7511',5,'-',1,'K ',NULL,'2017-10-11 14:01:03','SB10'),('66f8f859-5d05-4219-90f6-940d0f113f86','24508','2017-10-11 10:06:00','2017-10-11 10:39:00','解体','SD06','ST1',2,'7460',3,'-',1,'空线 ',NULL,'2017-10-11 10:57:46','SB09'),('67a141e7-dd94-401e-addc-c956d49feb0d','34722','2017-10-11 13:46:00','2017-10-11 14:18:00','解体','SD08','ST1',2,'7516',16,'-',1,'K+ ',NULL,'2017-10-11 14:20:49','SB10'),('69364128-7565-45d8-b2e8-8ca9c74e0e26','11502','2017-10-11 08:30:00','2017-10-11 09:00:00','解体','SD05','ST1',2,'7427',8,'-',1,' ',NULL,'2017-10-11 08:54:14','SB23'),('69c0e126-3564-4493-b5f1-4a741ae05847','49811','2017-10-11 11:00:00','2017-10-11 11:30:00','甩挂','XZ01','XT1',7,'7463',2,'+',2,'K 长318',NULL,'2017-10-11 11:45:09','XB27'),('6a0b35f2-e89e-43a7-9ee0-c64b7e0252fc','00003','2017-10-11 11:20:00','2017-10-11 11:50:00','解体','XD02','XT1',3,'7469',2,'-',19,'限卷 ',NULL,'2017-10-11 12:37:00','XB04'),('6a91eae0-a6a9-436f-900d-7ff27154e177',NULL,'2017-10-11 11:00:00','2017-10-11 11:30:00','挑车','SB11','ST1',8,'7480',1,'+',2,' 3470774',NULL,'2017-10-11 10:55:08','SB11'),('6b1dfdb0-bf65-4028-b0c7-37fbc8aec4f5','49512AB','2017-10-11 08:20:00','2017-10-11 08:45:00','解体','SD07','ST1',4,'7423',16,'-',1,'5487065 ',NULL,'2017-10-11 08:16:10','SB16'),('6c1d7072-0065-4c5b-9de7-8a746a837ed5','24510','2017-10-11 14:24:00','2017-10-11 14:54:00','解体','SD07','ST1',2,'7525',10,'-',11,'K列 3905',NULL,'2017-10-11 14:26:33','SB16'),('6c4e8c8f-3dcc-464a-8b72-a9920a5b917b','00001','2017-10-11 11:00:00','2017-10-11 11:20:00','解体','XD05','XT1',1,'7461',4,'-',1,'K ',NULL,'2017-10-11 11:28:12','XB12'),('6c79e302-3ee8-4bdc-8bf9-726d0825a78c','34722','2017-10-11 13:46:00','2017-10-11 14:18:00','解体','SD08','ST1',2,'7516',2,'-',2,'限 ',NULL,'2017-10-11 14:20:49','SB27'),('6ca0f79b-c2f8-4b7f-995f-313181693524','34720','2017-10-11 10:18:00','2017-10-11 10:50:00','解体','SD07','ST1',2,'7466',4,'-',14,'K列 0829',NULL,'2017-10-11 10:23:53','SB12'),('6d52b570-9b0d-4ecc-b5de-9e9fe05e1bba','11502','2017-10-11 08:30:00','2017-10-11 09:00:00','解体','SD05','ST1',2,'7427',4,'-',3,'2新型 ',NULL,'2017-10-11 08:54:14','SB16'),('6e4b5319-d34e-4d6e-a7c1-26c65493075f','49020','2017-10-11 10:27:00','2017-10-11 10:59:00','解体','SD03','ST1',2,'7471',4,'-',5,'K 842864',NULL,'2017-10-11 10:55:45','SB14'),('71fb55dc-e562-4ed4-b7dd-f95e670602b8','41114','2017-10-11 13:00:00','2017-10-11 13:30:00','编组','SF15',NULL,8,'7482',1,'+',71,'H 240392',NULL,'2017-10-11 11:02:59','SB15'),('7319372f-dd65-492a-8053-b7e90d75e1d3','34722','2017-10-11 13:46:00','2017-10-11 14:18:00','解体','SD08','ST1',2,'7516',14,'-',1,'K ',NULL,'2017-10-11 14:20:49','SB10'),('73988fb2-f0cc-4455-8836-37121688f6ed','49022','2017-10-11 12:30:00','2017-10-11 13:00:00','解体','SD05','ST1',2,'7493',8,'-',11,'空线 ',NULL,'2017-10-11 12:44:10','SB23'),('73cff27f-d684-4909-a340-373e0e7ae103','89323','2017-10-11 12:10:00','2017-10-11 12:40:00','解体','XD06','XT1',1,'7496',9,'-',4,'K ',NULL,'2017-10-11 12:34:52','XB18'),('73e733db-89a2-46ae-a2cc-7d3602c8df84','49030','2017-10-11 13:39:00','2017-10-11 14:11:00','解体','SD02','ST1',2,'7511',8,'-',1,'限卷 ',NULL,'2017-10-11 14:01:03','SB18'),('7462cad7-a1ce-499a-8895-a39e0e9ee7e9',NULL,'2017-10-11 13:10:00','2017-10-11 13:40:00','挑车','SB05','ST1',2,'7505',1,'+',3,'H3339596',NULL,'2017-10-11 13:00:29','SB05'),('75959df1-9ab3-4204-a5dd-de336fab13b5','11042','2017-10-11 12:00:00','2017-10-11 12:30:00','解体','SD04','ST1',2,'7484',1,'+',21,' 3810026',NULL,'2017-10-11 12:00:16','SD04'),('76f524e6-8d07-4f32-a11c-0ee082517f52','49020','2017-10-11 10:27:00','2017-10-11 10:59:00','解体','SD03','ST1',2,'7471',11,'-',2,'3420415 ',NULL,'2017-10-11 10:55:45','SB09'),('76fe2b86-6dba-4638-bfd9-9b3936d02a45','28608','2017-10-11 10:30:00','2017-10-11 10:45:00','编组','SF20',NULL,6,'7462',2,'-',43,'组成 ',NULL,'2017-10-11 10:18:08','SF20'),('782e27c6-bd2a-4ba5-b03b-10a16dfa5adc','00003','2017-10-11 11:20:00','2017-10-11 11:50:00','解体','XD02','XT1',3,'7469',6,'-',10,'K 列 ',NULL,'2017-10-11 12:37:00','XB19'),('79e5a54a-99c5-46e0-bc9c-c4bb646d66bf','11506','2017-10-11 10:47:00','2017-10-11 11:20:00','解体','SD09','ST1',2,'7474',6,'-',1,'新型3831',NULL,'2017-10-11 10:49:42','SB24'),('7a878e77-1061-4eca-b216-9862fd13cb8d','00001','2017-10-11 10:30:00','2017-10-11 11:00:00','转场','SB29','XT1',1,'7459',2,'-',23,' 3808946',NULL,'2017-10-11 11:27:57','XD05'),('7b6450c8-2941-43c7-9e1a-f5a041e615dc','49030','2017-10-11 13:39:00','2017-10-11 14:11:00','解体','SD02','ST1',2,'7511',18,'-',10,'限8新139',NULL,'2017-10-11 14:01:03','SB11'),('7b73ebfc-1403-4976-a6e7-b3c4a401502a','11504','2017-10-11 09:10:00','2017-10-11 09:40:00','解体','SD04','ST1',2,'7441',5,'-',1,' ',NULL,'2017-10-11 08:42:03','SB21'),('7c04ff0a-0f97-47d6-bfb3-19cb48a4892b','49020','2017-10-11 10:27:00','2017-10-11 10:59:00','解体','SD03','ST1',2,'7471',1,'+',53,' 5451548',NULL,'2017-10-11 10:55:45','SD03'),('7c0c624d-18f3-47a7-89e7-ba1b5b6226b6','14502','2017-10-11 09:00:00','2017-10-11 09:30:00','解体','SD06','ST1',2,'7436',5,'-',4,'1新型 ',NULL,'2017-10-11 09:10:58','SB18'),('7c11c4ef-c3b3-495e-9946-0925dbe7b59d','49030','2017-10-11 13:39:00','2017-10-11 14:11:00','解体','SD02','ST1',2,'7511',3,'-',1,'K ',NULL,'2017-10-11 14:01:03','SB10'),('7cc7f8a9-40cb-4071-b9fa-49f9cf9d0852','49529','2017-10-11 11:40:00','2017-10-11 12:10:00','编组','XF07',NULL,7,'7487',1,'+',7,'全部 ',NULL,'2017-10-11 11:18:00','XB02'),('7d0068b8-003b-4e7e-b590-28b0265540f7','10160','2017-10-11 09:10:00','2017-10-11 09:20:00','编组','SF16',NULL,6,'7442',2,'-',55,'组成 ',NULL,'2017-10-11 08:36:41','SF16'),('7d52b2ac-b2ca-417b-89b0-d66b1f7ec368','10160','2017-10-11 09:10:00','2017-10-11 09:20:00','编组','SF16',NULL,6,'7442',1,'+',55,' 3807815',NULL,'2017-10-11 08:36:41','SB16'),('7d6cb3af-4026-47fa-a3f9-e5980f0ace74','89323','2017-10-11 12:10:00','2017-10-11 12:40:00','解体','XD06','XT1',1,'7496',11,'-',12,'K 108877',NULL,'2017-10-11 12:34:52','XB18'),('7e403c48-0ff5-49ba-8d42-3e7f869124dc',NULL,'2017-10-11 14:00:00','2017-10-11 15:00:00','送车','XB26','XT1',1,'7519',5,'-',1,'货4 看T ',NULL,'2017-10-11 13:57:37','HW04'),('7e6e32d0-27be-402e-95a9-5fbc3e6c8865','14502','2017-10-11 09:00:00','2017-10-11 09:30:00','解体','SD06','ST1',2,'7436',3,'-',4,' ',NULL,'2017-10-11 09:10:58','SB23'),('7ffbeee2-cac7-40c7-a150-6e10dd6f4029','11504','2017-10-11 09:10:00','2017-10-11 09:40:00','解体','SD04','ST1',2,'7441',8,'-',1,'1新型 ',NULL,'2017-10-11 08:42:03','SB23'),('800a915a-5c4a-4097-bf29-f653c26364ee','28610','2017-10-11 12:00:00','2017-10-11 12:30:00','编组','SF24',NULL,6,'7479',1,'+',60,' 3471673',NULL,'2017-10-11 10:54:00','SB24'),('80a28511-af34-48f9-bf94-76822274e7e4',NULL,'2017-10-11 12:00:00','2017-10-11 12:30:00','挑车','SB07','ST1',8,'7481',4,'+',10,'全部 ',NULL,'2017-10-11 11:05:54','SB04'),('80b4b9b3-c953-418c-9c35-e17a5af02243',NULL,'2017-10-11 12:20:00','2017-10-11 12:50:00','挑车','SB03','ST1',2,'7499',2,'-',10,'限 40728',NULL,'2017-10-11 12:16:37','SB19'),('80bf0e63-c4c5-42f3-96c3-e35d2b2a173c','89323','2017-10-11 12:10:00','2017-10-11 12:40:00','解体','XD06','XT1',1,'7496',12,'-',9,'K 空796',NULL,'2017-10-11 12:34:52','XB17'),('81d23033-c659-47c3-85ec-1a24b3dccc5e','11506','2017-10-11 10:47:00','2017-10-11 11:20:00','解体','SD09','ST1',2,'7474',8,'-',12,'3新型673',NULL,'2017-10-11 10:49:42','SB24'),('8228769d-1879-4868-b988-fc6c3fbd8c77','24508','2017-10-11 10:06:00','2017-10-11 10:39:00','解体','SD06','ST1',2,'7460',2,'-',23,'限卷 ',NULL,'2017-10-11 10:57:46','SB28'),('825f11ed-96e9-46a4-a7a5-ccf4bb76be8b','24510','2017-10-11 14:24:00','2017-10-11 14:54:00','解体','SD07','ST1',2,'7525',7,'-',1,'K 602934',NULL,'2017-10-11 14:26:33','SB17'),('82f21a00-cad4-4c01-9e0e-0175dbf9a373','34722','2017-10-11 13:46:00','2017-10-11 14:18:00','解体','SD08','ST1',2,'7516',3,'-',5,'K 空901',NULL,'2017-10-11 14:20:49','SB16'),('830b4d46-03c8-424a-bf98-aecb1566fc21','89323','2017-10-11 12:10:00','2017-10-11 12:40:00','解体','XD06','XT1',1,'7496',1,'+',57,' 8106629',NULL,'2017-10-11 12:34:52','XD06'),('83310850-ac83-4f9d-8588-9b6bb970a314','89323','2017-10-11 12:10:00','2017-10-11 12:40:00','解体','XD06','XT1',1,'7496',14,'-',19,'K 108293',NULL,'2017-10-11 12:34:52','XB17'),('83e69ffa-b5dd-4828-b80a-0b4da841e7e8','49527','2017-10-11 08:25:00','2017-10-11 09:00:00','编组','XF07',NULL,7,'7432',3,'+',24,'K 405135',NULL,'2017-10-11 08:15:51','XB02'),('83eaf052-0ef8-4bb8-ab0e-a7579a8311d4','11042','2017-10-11 12:00:00','2017-10-11 12:30:00','解体','SD04','ST1',2,'7484',9,'-',1,'新型+ ',NULL,'2017-10-11 12:00:16','SB09'),('841d2c7d-ab65-46c6-b653-eaf5256a220e','52603','2017-10-11 08:25:00','2017-10-11 08:55:00','解体','XD05','XT1',3,'7435',3,'-',1,'K ',NULL,'2017-10-11 08:20:07','XB18'),('851bacfa-19d9-4371-8f17-42b3d62f5b10','14502','2017-10-11 09:00:00','2017-10-11 09:30:00','解体','SD06','ST1',2,'7436',12,'-',4,'3新型列 ',NULL,'2017-10-11 09:10:58','SB16'),('8685ebef-8cc2-4a78-a014-24b73bbcc360','H89830','2017-10-11 15:20:00','2017-10-11 15:50:00','编组','SF13',NULL,6,'7527',2,'-',58,'组成 ',NULL,'2017-10-11 14:28:40','SF13'),('870db61d-c540-4092-a51c-93c639227891','24510','2017-10-11 14:24:00','2017-10-11 14:54:00','解体','SD07','ST1',2,'7525',2,'-',7,'K 206403',NULL,'2017-10-11 14:26:33','SB16'),('87206d7c-a5a6-422e-a82c-6a83841ea0a0','49031','2017-10-11 11:40:00','2017-10-11 11:50:00','编组','XF19',NULL,5,'7486',1,'+',59,' 5236916',NULL,'2017-10-11 11:16:52','XB19'),('87c736c0-fc85-40fe-8738-41e6cae4e017','00003','2017-10-11 11:20:00','2017-10-11 11:50:00','解体','XD02','XT1',3,'7469',9,'-',1,'K ',NULL,'2017-10-11 12:37:00','XB09'),('887364e6-3109-44a4-b343-e0d311867f2b','49529','2017-10-11 11:40:00','2017-10-11 12:10:00','编组','XF07',NULL,7,'7487',2,'+',34,'全部 ',NULL,'2017-10-11 11:18:00','XB04'),('88f11ca9-8724-4232-b5c9-38eea6199f3e','24508','2017-10-11 10:06:00','2017-10-11 10:39:00','解体','SD06','ST1',2,'7460',10,'-',1,' ',NULL,'2017-10-11 10:57:46','SB24'),('8961cec5-0a27-4474-9592-5ae0a358811e','52603','2017-10-11 08:25:00','2017-10-11 08:55:00','解体','XD05','XT1',3,'7435',7,'-',1,'K ',NULL,'2017-10-11 08:20:07','XB25'),('89b11b09-aed0-4dd3-a0b4-9dafa57a37bb','49512AB','2017-10-11 08:20:00','2017-10-11 08:45:00','解体','SD07','ST1',4,'7423',6,'-',2,'K空线823',NULL,'2017-10-11 08:16:10','SB22'),('8b127c6a-7e99-4fe2-857f-655422d92f98','H89830','2017-10-11 15:20:00','2017-10-11 15:50:00','编组','SF13',NULL,6,'7527',1,'+',58,'K 897450',NULL,'2017-10-11 14:28:40','SB13'),('8b580cd6-f21e-432d-988f-406d6caa9346','H89840','2017-10-11 08:30:00','2017-10-11 09:00:00','编组','SF09',NULL,6,'7394',1,'+',57,'K 554811',NULL,'2017-10-11 07:53:56','SF10'),('8b8ad6c8-6b4c-4e76-bd19-91b721a2dd0f','49507','2017-10-11 11:20:00','2017-10-11 11:30:00','编组','XF12',NULL,5,'7483',1,'+',54,' 3808946',NULL,'2017-10-11 11:03:30','XB12'),('8b97f78d-c3be-458d-86d7-6f67d2f0a638','80205','2017-10-11 12:10:00','2017-10-11 12:40:00','甩挂','XZ01','XT1',7,'7495',1,'+',1,'K 长661',NULL,'2017-10-11 12:03:50','XZ01'),('8c92e041-2e9f-4d0f-9ce7-287646d33d4a','11504','2017-10-11 09:10:00','2017-10-11 09:40:00','解体','SD04','ST1',2,'7441',19,'-',1,'列 ',NULL,'2017-10-11 08:42:03','SB18'),('8c9a574f-2b2f-4aca-8752-c9cdddeb3a30','48108','2017-10-11 09:24:00','2017-10-11 09:57:00','解体','SD10','ST1',2,'7451',2,'-',4,' ',NULL,'2017-10-11 09:25:03','SB20'),('8d1133ff-b6e0-46f0-9cac-864376c99936','49030','2017-10-11 13:39:00','2017-10-11 14:11:00','解体','SD02','ST1',2,'7511',9,'-',7,'K 967854',NULL,'2017-10-11 14:01:03','SB14'),('8f185994-0ed0-478a-9f6d-7355fe35992b','14502','2017-10-11 09:00:00','2017-10-11 09:30:00','解体','SD06','ST1',2,'7436',7,'-',14,'限货 733',NULL,'2017-10-11 09:10:58','SB18'),('8f8a78ed-84bb-41a4-a86a-3031b93bab4f','00001','2017-10-11 11:00:00','2017-10-11 11:20:00','解体','XD05','XT1',1,'7461',5,'-',1,'K ',NULL,'2017-10-11 11:28:12','XB09'),('8fa9e8bd-666a-49e3-8fc8-32442e8db653','49512AB','2017-10-11 08:20:00','2017-10-11 08:45:00','解体','SD07','ST1',4,'7423',7,'-',1,'限货 ',NULL,'2017-10-11 08:16:10','SB16'),('916949af-c030-4ae7-afd7-b4dc65cab978','49512AB','2017-10-11 08:20:00','2017-10-11 08:45:00','解体','SD07','ST1',4,'7423',15,'-',5,'K 318202',NULL,'2017-10-11 08:16:10','SB28'),('91f733b9-c2c6-44c7-8d7f-eb71b7475cdf',NULL,'2017-10-11 13:10:00','2017-10-11 13:40:00','挑车','SB05','ST1',2,'7505',3,'-',2,'限货 ',NULL,'2017-10-11 13:00:29','SB18'),('92d3c64c-2709-44ef-b7fe-7dc26bf2741c',NULL,'2017-10-11 10:00:00','2017-10-11 10:30:00','挑车','XB09','XT1',5,'7457',1,'+',34,'H 全777',NULL,'2017-10-11 10:01:19','XB09'),('932213eb-79bb-4a41-8157-0b0493a54f8f','49020','2017-10-11 10:27:00','2017-10-11 10:59:00','解体','SD03','ST1',2,'7471',21,'-',1,'K4898117',NULL,'2017-10-11 10:55:45','SB13'),('93a8f782-5cad-4355-b80b-a8a4f6f9cbbf','10162','2017-10-11 09:30:00','2017-10-11 09:45:00','编组','SF21',NULL,6,'7448',2,'-',58,'组成 ',NULL,'2017-10-11 09:05:49','SF21'),('9406656b-f56b-4877-a792-13f77f227fdb','31819','2017-10-11 13:50:00','2017-10-11 14:20:00','编组','XF15',NULL,7,'7514',1,'+',23,'全部 ',NULL,'2017-10-11 13:44:36','XB28'),('9425265a-384a-42ed-a2f3-56acec85d52d','49512AB','2017-10-11 08:20:00','2017-10-11 08:45:00','解体','SD07','ST1',4,'7423',20,'-',4,'K 720078',NULL,'2017-10-11 08:16:10','SB28'),('94c11b34-46ce-45b1-9e3a-c5b774210ed7','48108','2017-10-11 09:24:00','2017-10-11 09:57:00','解体','SD10','ST1',2,'7451',1,'+',24,' 5278859',NULL,'2017-10-11 09:25:03','SD10'),('94db5ff6-407b-4da3-9109-2ce0c7984a90','11502','2017-10-11 08:30:00','2017-10-11 09:00:00','解体','SD05','ST1',2,'7427',13,'-',1,'1新型 ',NULL,'2017-10-11 08:54:14','SB16'),('959043ed-3b3a-4bba-8155-e0e64eb626a2','00001','2017-10-11 11:00:00','2017-10-11 11:20:00','解体','XD05','XT1',1,'7461',8,'-',1,'K 列 ',NULL,'2017-10-11 11:28:12','XB12'),('95955602-59ac-4ddb-a28b-8ef5f1ca247e','49020','2017-10-11 10:27:00','2017-10-11 10:59:00','解体','SD03','ST1',2,'7471',23,'-',1,'限货 ',NULL,'2017-10-11 10:55:45','SB24'),('959711ed-9c44-4f5f-be39-84a2ed8c43ec','49512AB','2017-10-11 08:20:00','2017-10-11 08:45:00','解体','SD07','ST1',4,'7423',1,'+',40,' 1689503',NULL,'2017-10-11 08:16:10','SD07'),('9641853e-947c-4ac4-aef8-1ca4aea3ed95','49030','2017-10-11 13:39:00','2017-10-11 14:11:00','解体','SD02','ST1',2,'7511',12,'-',1,'K ',NULL,'2017-10-11 14:01:03','SB10'),('96836704-0b43-4f65-828c-8f7e07867978','49020','2017-10-11 10:27:00','2017-10-11 10:59:00','解体','SD03','ST1',2,'7471',17,'-',1,'限货 整 ',NULL,'2017-10-11 10:55:45','SB05'),('96dae6f3-1a49-43ac-85aa-1e1de96c76b2','31819','2017-10-11 13:50:00','2017-10-11 14:20:00','编组','XF15',NULL,7,'7514',2,'+',43,' 0423068',NULL,'2017-10-11 13:44:36','XB15'),('97712a6c-3717-4231-99dd-f5823bfaf60a','89004','2017-10-11 10:00:00','2017-10-11 10:30:00','解体','SD02','ST1',2,'7456',4,'-',10,'K 812861',NULL,'2017-10-11 09:51:24','SB22'),('98eeb195-c919-4531-b371-7d29acc5dc15','49529','2017-10-11 11:40:00','2017-10-11 12:10:00','编组','XF07',NULL,7,'7487',3,'-',41,'空线 542',NULL,'2017-10-11 11:18:00','XF07'),('998e4f00-6b9f-49c8-89f1-c21ffbd27423','11502','2017-10-11 08:30:00','2017-10-11 09:00:00','解体','SD05','ST1',2,'7427',7,'-',1,'1新型 ',NULL,'2017-10-11 08:54:14','SB18'),('9bd81480-8f88-4d64-8c85-f3720c23cfc7','49030','2017-10-11 13:39:00','2017-10-11 14:11:00','解体','SD02','ST1',2,'7511',11,'-',5,'K 683576',NULL,'2017-10-11 14:01:03','SB14'),('9d916206-0089-404b-a5a7-14cd2e1c5ffc','49512AB','2017-10-11 08:20:00','2017-10-11 08:45:00','解体','SD07','ST1',4,'7423',13,'-',3,'限货 H ',NULL,'2017-10-11 08:16:10','SB28'),('9dfca277-9639-4cd0-b800-899dfa55aa26','11042','2017-10-11 12:00:00','2017-10-11 12:30:00','解体','SD04','ST1',2,'7484',5,'-',4,'1新型 ',NULL,'2017-10-11 12:00:16','SB09'),('a263c90a-575a-4d0f-a1f8-85d00cd15696','49512AB','2017-10-11 08:20:00','2017-10-11 08:45:00','解体','SD07','ST1',4,'7423',4,'-',2,'K ',NULL,'2017-10-11 08:16:10','SB13'),('a3d485ee-d79f-45c5-87b7-e83a9bed00e8',NULL,'2017-10-11 12:00:00','2017-10-11 12:30:00','挑车','SB07','ST1',8,'7481',1,'+',9,'全部 ',NULL,'2017-10-11 11:05:54','SB07'),('a4065fd9-1421-452b-83ea-95c5af5c7bef',NULL,'2017-10-11 12:00:00','2017-10-11 12:30:00','挑车','SB07','ST1',8,'7481',2,'-',9,' 0267041',NULL,'2017-10-11 11:05:54','SB03'),('a55b23dd-7958-455a-9076-ed40969aa3f8','11504','2017-10-11 09:10:00','2017-10-11 09:40:00','解体','SD04','ST1',2,'7441',3,'-',2,'1新型 ',NULL,'2017-10-11 08:42:03','SB21'),('a93c5cc9-acbb-4dab-8c48-a24df63f2c46','11502','2017-10-11 08:30:00','2017-10-11 09:00:00','解体','SD05','ST1',2,'7427',2,'-',1,'1新型 ',NULL,'2017-10-11 08:54:14','SB18'),('a9a50c2e-8ca0-408a-b3e0-9b5d78ace5a2','11502','2017-10-11 08:30:00','2017-10-11 09:00:00','解体','SD05','ST1',2,'7427',12,'-',1,'1新型 ',NULL,'2017-10-11 08:54:14','SB18'),('a9c6401f-9e32-445c-81a5-ba422c33b674','49512AB','2017-10-11 08:20:00','2017-10-11 08:45:00','解体','SD07','ST1',4,'7423',2,'-',3,'K ',NULL,'2017-10-11 08:16:10','SB13'),('a9e1e040-b5b9-4b35-b258-c902e732de4e','28606','2017-10-11 10:00:00','2017-10-11 10:30:00','编组','SF23',NULL,8,'7449',1,'+',54,' 3407152',NULL,'2017-10-11 09:43:16','SB23'),('aa7a9a21-9188-4524-8d15-d438f54df85c','49022','2017-10-11 12:30:00','2017-10-11 13:00:00','解体','SD05','ST1',2,'7493',6,'-',1,'K4974146',NULL,'2017-10-11 12:44:10','SB14'),('aab86673-e212-4cf5-9c87-067b3f890ebf','89323','2017-10-11 12:10:00','2017-10-11 12:40:00','解体','XD06','XT1',1,'7496',7,'-',1,'K ',NULL,'2017-10-11 12:34:52','XB18'),('ab18dd4c-722f-420b-bf13-2cdcf920fd12','11002AB','2017-10-11 09:15:00','2017-10-11 09:45:00','解体','SD08','ST1',2,'7444',6,'-',2,'3335901 ',NULL,'2017-10-11 08:57:29','SB21'),('ab404928-c4eb-4fa0-8760-e5bb962091f2','49022','2017-10-11 12:30:00','2017-10-11 13:00:00','解体','SD05','ST1',2,'7493',3,'-',19,'关 74986',NULL,'2017-10-11 12:44:10','SB18'),('ac7f7ac7-3d2c-4af5-bd54-04750980a337',NULL,'2017-10-11 09:20:00','2017-10-11 09:50:00','挑车','XB36','XT1',3,'7450',1,'+',2,'K 长661',NULL,'2017-10-11 09:16:40','XB36'),('acba3a55-32a3-4a48-9fe9-9b9fa42a95df','24510','2017-10-11 14:24:00','2017-10-11 14:54:00','解体','SD07','ST1',2,'7525',14,'-',2,'K ',NULL,'2017-10-11 14:26:33','SB12'),('acdbf1c4-ccc6-41e0-b883-976d67e10f89','34722','2017-10-11 13:46:00','2017-10-11 14:18:00','解体','SD08','ST1',2,'7516',15,'-',4,'K ',NULL,'2017-10-11 14:20:49','SB16'),('ae241954-abe0-418a-b87e-e9fd0638ec60','11042','2017-10-11 12:00:00','2017-10-11 12:30:00','解体','SD04','ST1',2,'7484',2,'-',2,'2新型 空',NULL,'2017-10-11 12:00:16','SB18'),('aef515ae-3fa9-4dce-a621-8dd1e3942907','10164','2017-10-11 12:50:00','2017-10-11 13:20:00','编组','SF01',NULL,6,'7492',5,'-',48,'组成259',NULL,'2017-10-11 11:54:21','SF01'),('b07adad6-ae37-4370-a1d3-bfd4ccb0e0e6','49030','2017-10-11 13:39:00','2017-10-11 14:11:00','解体','SD02','ST1',2,'7511',2,'-',2,'限卷 ',NULL,'2017-10-11 14:01:03','SB18'),('b0e94829-25d5-4bda-ac2a-457fb222e246','49030','2017-10-11 13:39:00','2017-10-11 14:11:00','解体','SD02','ST1',2,'7511',15,'-',1,'KG ',NULL,'2017-10-11 14:01:03','SB09'),('b1046491-986b-4041-a96b-3a0133e42f59','11042','2017-10-11 12:00:00','2017-10-11 12:30:00','解体','SD04','ST1',2,'7484',6,'-',1,'新型3214',NULL,'2017-10-11 12:00:16','SB18'),('b1be847f-611a-4eee-a68e-fb89ddc2b105','11502','2017-10-11 08:30:00','2017-10-11 09:00:00','解体','SD05','ST1',2,'7427',3,'-',1,'空线 ',NULL,'2017-10-11 08:54:14','SB23'),('b26f91f9-231b-45d2-af45-bed7600bf149','34722','2017-10-11 13:46:00','2017-10-11 14:18:00','解体','SD08','ST1',2,'7516',5,'-',2,'K ',NULL,'2017-10-11 14:20:49','SB16'),('b29677fb-a3a5-4a9f-8576-0cfcfcd9ffeb','11504','2017-10-11 09:10:00','2017-10-11 09:40:00','解体','SD04','ST1',2,'7441',7,'-',3,'1新型 ',NULL,'2017-10-11 08:42:03','SB21'),('b2de5d0f-78ec-4e00-bafc-4e50551be7d6','52603','2017-10-11 08:25:00','2017-10-11 08:55:00','解体','XD05','XT1',3,'7435',5,'-',1,'K ',NULL,'2017-10-11 08:20:07','XB19'),('b33c398c-2261-4384-a379-2080bb68ae80','00003','2017-10-11 11:20:00','2017-10-11 11:50:00','解体','XD02','XT1',3,'7469',7,'-',1,'K ',NULL,'2017-10-11 12:37:00','XB26'),('b41beac6-a1a3-4fb2-8bb9-c0b80c64bcde','89323','2017-10-11 12:10:00','2017-10-11 12:40:00','解体','XD06','XT1',1,'7496',10,'-',1,'K ',NULL,'2017-10-11 12:34:52','XB14'),('b467b2bd-50f5-431f-aa55-a08e667ebd71','49020','2017-10-11 10:27:00','2017-10-11 10:59:00','解体','SD03','ST1',2,'7471',3,'-',1,'K ',NULL,'2017-10-11 10:55:45','SB13'),('b4a93a69-46cc-4ba2-93b4-73c2e4610f03','49020','2017-10-11 10:27:00','2017-10-11 10:59:00','解体','SD03','ST1',2,'7471',15,'-',1,'空线 ',NULL,'2017-10-11 10:55:45','SB19'),('b5e48afa-aed0-4ba1-9b1e-2e40b3cd357a','24510','2017-10-11 14:24:00','2017-10-11 14:54:00','解体','SD07','ST1',2,'7525',11,'-',1,'K4826000',NULL,'2017-10-11 14:26:33','SB17'),('b6752b57-398f-4424-aabe-3c0ecdfb6731','49030','2017-10-11 13:39:00','2017-10-11 14:11:00','解体','SD02','ST1',2,'7511',16,'-',3,'限2新870',NULL,'2017-10-11 14:01:03','SB11'),('b704056a-0e8e-450c-99cf-9df8583b16fd','11504','2017-10-11 09:10:00','2017-10-11 09:40:00','解体','SD04','ST1',2,'7441',1,'+',55,' 3807890',NULL,'2017-10-11 08:42:03','SD04'),('b8eee07a-7266-4682-ba48-aac37dd3ce23','89323','2017-10-11 12:10:00','2017-10-11 12:40:00','解体','XD06','XT1',1,'7496',2,'-',1,'K 空线 ',NULL,'2017-10-11 12:34:52','XB14'),('b9cca0d3-2fc8-44f5-92a2-ca80deb2520d','14502','2017-10-11 09:00:00','2017-10-11 09:30:00','解体','SD06','ST1',2,'7436',1,'+',55,' 3421022',NULL,'2017-10-11 09:10:58','SD06'),('ba3a9285-7b5a-49b4-abdc-78abe0341aa7','49030','2017-10-11 13:39:00','2017-10-11 14:11:00','解体','SD02','ST1',2,'7511',17,'-',7,'3新型586',NULL,'2017-10-11 14:01:03','SB04'),('ba4006c5-c136-4aec-b873-3f5d5ee1844b','49512AB','2017-10-11 08:20:00','2017-10-11 08:45:00','解体','SD07','ST1',4,'7423',5,'-',2,' ',NULL,'2017-10-11 08:16:10','SB20'),('bab48341-1912-4a3f-b920-de241673bd73','89323','2017-10-11 12:10:00','2017-10-11 12:40:00','解体','XD06','XT1',1,'7496',8,'-',1,'K ',NULL,'2017-10-11 12:34:52','XB14'),('bac381b5-070e-4294-a342-1d80da4836ab','00003','2017-10-11 11:20:00','2017-10-11 11:50:00','解体','XD02','XT1',3,'7469',1,'+',39,' 4867204',NULL,'2017-10-11 12:37:00','XD02'),('bb742aa2-dc23-4db3-bcac-b5f8fda98276','44156','2017-10-11 14:00:00','2017-10-11 14:30:00','编组','SF19',NULL,8,'7497',1,'+',34,' 4900537',NULL,'2017-10-11 12:09:44','SB19'),('bc56e8bc-50ff-4884-a71c-1baad32cbaa7',NULL,'2017-10-11 12:30:00','2017-10-11 13:00:00','挑车','HW03','ST1',8,'7490',3,'-',1,' ',NULL,'2017-10-11 11:54:30','SB19'),('bcf1900e-0c21-4d4f-b72d-b35a9bb5f190','11504','2017-10-11 09:10:00','2017-10-11 09:40:00','解体','SD04','ST1',2,'7441',4,'-',3,'2新型 ',NULL,'2017-10-11 08:42:03','SB23'),('bf6fdda7-faad-454f-a5d3-d62416ce9eb6','11042','2017-10-11 12:00:00','2017-10-11 12:30:00','解体','SD04','ST1',2,'7484',4,'-',2,' ',NULL,'2017-10-11 12:00:16','SB18'),('c0fe38dc-f8fa-4c00-97c3-9af2ca0a23c4',NULL,'2017-10-11 13:40:00','2017-10-11 14:00:00','挑车','XB15','XT1',3,'7513',2,'-',6,'K 空519',NULL,'2017-10-11 13:42:20','XB04'),('c0ff6ae0-2144-4dbc-8e11-846f8db3f2d9','49030','2017-10-11 13:39:00','2017-10-11 14:11:00','解体','SD02','ST1',2,'7511',19,'-',7,' 5733941',NULL,'2017-10-11 14:01:03','SB23'),('c12261dc-5ac7-44c6-80b8-16746d58f399','24510','2017-10-11 14:24:00','2017-10-11 14:54:00','解体','SD07','ST1',2,'7525',6,'-',4,'K1514145',NULL,'2017-10-11 14:26:33','SB16'),('c138c404-7d65-49c4-992c-7ae43db181d7','00003','2017-10-11 11:20:00','2017-10-11 11:50:00','解体','XD02','XT1',3,'7469',3,'-',4,'限卷 ',NULL,'2017-10-11 12:37:00','XB02'),('c2842460-72aa-4597-8d15-0edbcb30f0ee','89323','2017-10-11 12:10:00','2017-10-11 12:40:00','解体','XD06','XT1',1,'7496',4,'-',1,'K ',NULL,'2017-10-11 12:34:52','XB14'),('c310679e-e3d1-4fd0-8d11-e421d4f1d3bc','14502','2017-10-11 09:00:00','2017-10-11 09:30:00','解体','SD06','ST1',2,'7436',6,'-',3,'空线3314',NULL,'2017-10-11 09:10:58','SB21'),('c3ac5323-095c-4cb2-9c49-59ea378921a1','11504','2017-10-11 09:10:00','2017-10-11 09:40:00','解体','SD04','ST1',2,'7441',9,'-',1,' ',NULL,'2017-10-11 08:42:03','SB21'),('c43541e0-01fb-4278-8531-88f264e8ee80','49811','2017-10-11 11:00:00','2017-10-11 11:30:00','甩挂','XZ01','XT1',7,'7463',3,'-',4,'K 长轴 ',NULL,'2017-10-11 11:45:09','XZ01'),('c566f5e3-86a4-4bec-8afc-1402650d1fb4','24508','2017-10-11 10:06:00','2017-10-11 10:39:00','解体','SD06','ST1',2,'7460',8,'-',9,'列 20277',NULL,'2017-10-11 10:57:46','SB20'),('c57f74ac-45b6-4779-ae69-e5b2fbf32749','34722','2017-10-11 13:46:00','2017-10-11 14:18:00','解体','SD08','ST1',2,'7516',10,'-',2,'K ',NULL,'2017-10-11 14:20:49','SB10'),('c5a0b3d7-011a-4254-b8a8-5c7230c3be60','11504','2017-10-11 09:10:00','2017-10-11 09:40:00','解体','SD04','ST1',2,'7441',16,'-',4,'限330938',NULL,'2017-10-11 08:42:03','SB21'),('c617d8c7-7a14-4b5e-8e74-c87215f86eee','49512AB','2017-10-11 08:20:00','2017-10-11 08:45:00','解体','SD07','ST1',4,'7423',22,'-',2,'K ',NULL,'2017-10-11 08:16:10','SB28'),('c72d5054-7c2b-466f-bc4e-c90f34072007','14502','2017-10-11 09:00:00','2017-10-11 09:30:00','解体','SD06','ST1',2,'7436',13,'-',3,'3新型739',NULL,'2017-10-11 09:10:58','SB23'),('c7ce4119-b024-419c-ab5a-ff957ca9c217','80205','2017-10-11 11:30:00','2017-10-11 11:40:00','编组','XZ01',NULL,7,'7491',2,'-',34,'组成 ',NULL,'2017-10-11 11:43:49','XZ01'),('ca475e4b-127b-4d1b-8c5b-2f057ff91d28','49022','2017-10-11 12:30:00','2017-10-11 13:00:00','解体','SD05','ST1',2,'7493',5,'-',1,'K ',NULL,'2017-10-11 12:44:10','SB26'),('cb97f7dd-55f5-4448-a9c0-744d21858878','24510','2017-10-11 14:24:00','2017-10-11 14:54:00','解体','SD07','ST1',2,'7525',3,'-',1,'K 空线 ',NULL,'2017-10-11 14:26:33','SB17'),('cbef2fa9-cc96-4b38-b755-9720d7de5233','49527','2017-10-11 08:25:00','2017-10-11 09:00:00','编组','XF07',NULL,7,'7432',2,'-',1,'空线 ',NULL,'2017-10-11 08:15:51','XB07'),('cc7ab6a8-c9a4-4b7a-b236-f517feaab75a','49512AB','2017-10-11 08:20:00','2017-10-11 08:45:00','解体','SD07','ST1',4,'7423',14,'-',1,'K 长轴1.',NULL,'2017-10-11 08:16:10','SB06'),('cee1f9d4-508f-4c15-8408-50577e50f4c4','11504','2017-10-11 09:10:00','2017-10-11 09:40:00','解体','SD04','ST1',2,'7441',6,'-',2,'31077755',NULL,'2017-10-11 08:42:03','SB18'),('d0c3abc2-74c6-4e96-979f-be635fe2bc83',NULL,'2017-10-11 09:00:00','2017-10-11 09:30:00','挑车','XB26','XT1',5,'7446',2,'-',1,'K ',NULL,'2017-10-11 09:01:45','XB09'),('d138123d-796a-457d-b696-ebeae9db7348','11506','2017-10-11 10:47:00','2017-10-11 11:20:00','解体','SD09','ST1',2,'7474',10,'-',1,'限货 ',NULL,'2017-10-11 10:49:42','SB09'),('d340c4e7-47f7-4017-830f-e78467024473','49030','2017-10-11 13:39:00','2017-10-11 14:11:00','解体','SD02','ST1',2,'7511',14,'-',1,'K ',NULL,'2017-10-11 14:01:03','SB25'),('d3dd80ac-c159-4559-9bf2-ecf92eec60ca','11504','2017-10-11 09:10:00','2017-10-11 09:40:00','解体','SD04','ST1',2,'7441',13,'-',1,'1新型 ',NULL,'2017-10-11 08:42:03','SB23'),('d4149e9f-87e2-45ef-83e6-dc1273c74f07','49022','2017-10-11 12:30:00','2017-10-11 13:00:00','解体','SD05','ST1',2,'7493',2,'-',10,'3新型537',NULL,'2017-10-11 12:44:10','SB19'),('d51b185c-c458-4a25-94cb-beb8daa0108f','11042','2017-10-11 12:00:00','2017-10-11 12:30:00','解体','SD04','ST1',2,'7484',8,'-',1,' ',NULL,'2017-10-11 12:00:16','SB18'),('d5dbf38e-1ae5-45bb-8d84-53cba96286f2','49512AB','2017-10-11 08:20:00','2017-10-11 08:45:00','解体','SD07','ST1',4,'7423',8,'-',1,'K ',NULL,'2017-10-11 08:16:10','SB22'),('d64f49c9-5cc3-40e4-931b-63d2b54c7a1c','28606','2017-10-11 10:00:00','2017-10-11 10:30:00','编组','SF23',NULL,8,'7449',2,'-',54,'组成 ',NULL,'2017-10-11 09:43:16','SF23'),('d67ee41b-488d-424f-a6cd-f5a06c2b234e','11009','2017-10-11 12:40:00','2017-10-11 12:50:00','编组','XF18',NULL,5,'7498',2,'-',56,'组成 ',NULL,'2017-10-11 12:11:01','XF18'),('d9db803e-e654-485f-a651-63dfd0c2a0f2','49022','2017-10-11 12:30:00','2017-10-11 13:00:00','解体','SD05','ST1',2,'7493',4,'-',1,'K ',NULL,'2017-10-11 12:44:10','SB14'),('d9ec802d-1c18-435e-95f6-3e5ae0693a4f',NULL,'2017-10-11 09:00:00','2017-10-11 09:30:00','挑车','XB26','XT1',5,'7446',3,'-',1,' ',NULL,'2017-10-11 09:01:45','XB26'),('da4287cf-6a97-455d-af8b-56575aeb89c7','49020','2017-10-11 10:27:00','2017-10-11 10:59:00','解体','SD03','ST1',2,'7471',7,'-',3,'限 1新型',NULL,'2017-10-11 10:55:45','SB04'),('daa91d9d-6a5f-456f-ad96-a21bd8967050','24508','2017-10-11 10:06:00','2017-10-11 10:39:00','解体','SD06','ST1',2,'7460',5,'-',1,' ',NULL,'2017-10-11 10:57:46','SB09'),('dae143bc-5048-4e14-bdce-a719c0f086bb',NULL,'2017-10-11 14:20:00','2017-10-11 14:50:00','挑车','XB09','XT1',5,'7524',2,'-',3,'K ',NULL,'2017-10-11 14:19:32','XB17'),('dbf07ad4-990b-411a-80cb-172022a50ca9','49020','2017-10-11 10:27:00','2017-10-11 10:59:00','解体','SD03','ST1',2,'7471',26,'-',4,'限卷 ',NULL,'2017-10-11 10:55:45','SB24'),('dbf61991-43ec-4233-8ab1-b6d1240d8502','49527','2017-10-11 08:25:00','2017-10-11 09:00:00','编组','XF07',NULL,7,'7432',4,'+',1,' 1567676',NULL,'2017-10-11 08:15:51','XB07'),('dc071d5a-c5dc-4906-8689-8866a39e2716','89004','2017-10-11 10:00:00','2017-10-11 10:30:00','解体','SD02','ST1',2,'7456',3,'-',1,'K ',NULL,'2017-10-11 09:51:24','SB28'),('dc1ec19d-0115-455f-b7fa-389d3ebb8724','00003','2017-10-11 11:20:00','2017-10-11 11:50:00','解体','XD02','XT1',3,'7469',4,'-',1,'K ',NULL,'2017-10-11 12:37:00','XB19'),('dda0366f-9613-446d-83d2-0290e4825df1','11506','2017-10-11 10:47:00','2017-10-11 11:20:00','解体','SD09','ST1',2,'7474',3,'-',1,'K ',NULL,'2017-10-11 10:49:42','SB27'),('ddbd540c-dceb-46d5-b85c-34c3bcb8e4ac','49020','2017-10-11 10:27:00','2017-10-11 10:59:00','解体','SD03','ST1',2,'7471',14,'-',2,'K 408315',NULL,'2017-10-11 10:55:45','SB22'),('de4b00d0-23e0-4661-b283-cdb60a0d0e0b','49020','2017-10-11 10:27:00','2017-10-11 10:59:00','解体','SD03','ST1',2,'7471',6,'-',3,'K空线350',NULL,'2017-10-11 10:55:45','SB27'),('de52a516-8d31-45cd-a1ba-f5edb8f58d0b','31819','2017-10-11 13:50:00','2017-10-11 14:20:00','编组','XF15',NULL,7,'7514',3,'-',66,'组成 ',NULL,'2017-10-11 13:44:36','XF15'),('dee0ff6f-ea61-4595-a453-ff8792baa194','52603','2017-10-11 08:25:00','2017-10-11 08:55:00','解体','XD05','XT1',3,'7435',2,'-',1,'K ',NULL,'2017-10-11 08:20:07','XB09'),('e0275922-fb10-44b8-a6aa-87e2d3cf96ac','34722','2017-10-11 13:46:00','2017-10-11 14:18:00','解体','SD08','ST1',2,'7516',6,'-',5,'K4926416',NULL,'2017-10-11 14:20:49','SB10'),('e111c13c-bd5b-4f67-8506-2ff78a3edad1','28614','2017-10-11 14:50:00','2017-10-11 15:20:00','编组','SF18',NULL,8,'7526',1,'+',52,' 3834530',NULL,'2017-10-11 14:27:06','SB18'),('e27fc0c1-b23a-4530-9ec1-8258af481b77','48108','2017-10-11 09:24:00','2017-10-11 09:57:00','解体','SD10','ST1',2,'7451',3,'-',20,'KG 40392',NULL,'2017-10-11 09:25:03','SB15'),('e2efc2b7-d108-497a-b9bb-6c5b04bdbf25','80205','2017-10-11 11:30:00','2017-10-11 11:40:00','编组','XZ01',NULL,7,'7491',1,'+',34,' 7540217',NULL,'2017-10-11 11:43:49','XZ01'),('e4046779-4a4c-488e-93fa-9b454547eeeb','89323','2017-10-11 12:10:00','2017-10-11 12:40:00','解体','XD06','XT1',1,'7496',6,'-',1,'K 810662',NULL,'2017-10-11 12:34:52','XB14'),('e7570168-4927-43ee-812b-369526010ab9',NULL,'2017-10-11 11:00:00','2017-10-11 11:30:00','挑车','SB11','ST1',8,'7480',2,'-',2,' ',NULL,'2017-10-11 10:55:08','SB10'),('e763e13d-21df-42ac-be47-1ceaab21a955','11506','2017-10-11 10:47:00','2017-10-11 11:20:00','解体','SD09','ST1',2,'7474',2,'-',12,'限货 769',NULL,'2017-10-11 10:49:42','SB24'),('e76513b3-ee62-4934-8d5b-807d76e2fd01','11002AB','2017-10-11 09:15:00','2017-10-11 09:45:00','解体','SD08','ST1',2,'7444',2,'-',2,'长轴1.8 ',NULL,'2017-10-11 08:57:29','SB21'),('e83b9a24-46ae-4b7d-8518-963f5d34f39d',NULL,'2017-10-11 14:00:00','2017-10-11 15:00:00','送车','XB26','XT1',1,'7519',2,'-',1,'空线 ',NULL,'2017-10-11 13:57:37','XB29'),('e8b4b9d7-c129-4367-821d-04310d1f3c60','11504','2017-10-11 09:10:00','2017-10-11 09:40:00','解体','SD04','ST1',2,'7441',17,'-',6,'2新型633',NULL,'2017-10-11 08:42:03','SB18'),('e8fe205f-61c3-410e-aa27-2578d543d5f9','34720','2017-10-11 10:18:00','2017-10-11 10:50:00','解体','SD07','ST1',2,'7466',2,'-',28,'K 564184',NULL,'2017-10-11 10:23:53','SB12'),('e9205dcb-5164-45c2-ace5-d7f5d4abe4af','11002AB','2017-10-11 09:15:00','2017-10-11 09:45:00','解体','SD08','ST1',2,'7444',13,'-',5,' 1666311',NULL,'2017-10-11 08:57:29','SB20'),('e96e3e4e-35c0-4e59-b1e8-5201a47bc848','10164','2017-10-11 12:50:00','2017-10-11 13:20:00','编组','SF01',NULL,6,'7492',4,'+',16,'客车 ',NULL,'2017-10-11 11:54:21','SB01'),('eb036e2d-ecc4-494e-8b2d-85dc3534502c','00003','2017-10-11 11:20:00','2017-10-11 11:50:00','解体','XD02','XT1',3,'7469',5,'-',2,'K ',NULL,'2017-10-11 12:37:00','XB15'),('eb91e003-3545-4b34-9311-256e2a1a1150','14502','2017-10-11 09:00:00','2017-10-11 09:30:00','解体','SD06','ST1',2,'7436',11,'-',1,'新型3833',NULL,'2017-10-11 09:10:58','SB18'),('ed19024e-e088-40c3-b3e2-2f484ba687f9','24508','2017-10-11 10:06:00','2017-10-11 10:39:00','解体','SD06','ST1',2,'7460',1,'+',49,' 4870098',NULL,'2017-10-11 10:57:46','SD06'),('ed31380e-629f-4a4e-9ab1-d44f224f9e60','11002AB','2017-10-11 09:15:00','2017-10-11 09:45:00','解体','SD08','ST1',2,'7444',4,'-',1,' ',NULL,'2017-10-11 08:57:29','SB21'),('ee37d9d3-906f-40d3-8177-e3a531b3a6ca','49512AB','2017-10-11 08:20:00','2017-10-11 08:45:00','解体','SD07','ST1',4,'7423',17,'-',1,'K ',NULL,'2017-10-11 08:16:10','SB12'),('ee7036dd-03b0-473c-a4b3-2b7ec4bc7fdf','37608','2017-10-11 11:30:00','2017-10-11 12:00:00','编组','SF12',NULL,8,'7472',1,'+',58,'K 820829',NULL,'2017-10-11 10:42:42','SB12'),('eeeaba19-9834-4a9d-aeb7-2592be70eab1','10164','2017-10-11 12:50:00','2017-10-11 13:20:00','编组','SF01',NULL,6,'7492',1,'+',1,' 3315371',NULL,'2017-10-11 11:54:21','SB09'),('ef3e7995-ce45-420d-846b-18d1417e3f43','11506','2017-10-11 10:47:00','2017-10-11 11:20:00','解体','SD09','ST1',2,'7474',7,'-',4,'1新型055',NULL,'2017-10-11 10:49:42','SB09'),('ef5da1bc-e5f2-41b3-873c-751238729b2c',NULL,'2017-10-11 12:30:00','2017-10-11 13:00:00','挑车','HW03','ST1',8,'7490',1,'+',1,'货三4336',NULL,'2017-10-11 11:54:30','HW03'),('efcca565-8e57-46d3-8e60-5cb4f496d06c','14502','2017-10-11 09:00:00','2017-10-11 09:30:00','解体','SD06','ST1',2,'7436',8,'-',5,'1新型477',NULL,'2017-10-11 09:10:58','SB16'),('f1399024-af85-45f6-9cac-6025bb82b7af','52603','2017-10-11 08:25:00','2017-10-11 08:55:00','解体','XD05','XT1',3,'7435',8,'-',3,'限 3新型',NULL,'2017-10-11 08:20:07','XB19'),('f25c090c-014c-4edd-9c7d-9551a4fd8d00','49022','2017-10-11 12:30:00','2017-10-11 13:00:00','解体','SD05','ST1',2,'7493',1,'+',52,' 4832685',NULL,'2017-10-11 12:44:10','SD05'),('f3f9ce30-49bc-42b4-b6d2-912dfcdb5888','49020','2017-10-11 10:27:00','2017-10-11 10:59:00','解体','SD03','ST1',2,'7471',19,'-',2,'K列 2778',NULL,'2017-10-11 10:55:45','SB22'),('f46a96ab-920d-483f-8fa5-f916a619c993','49512AB','2017-10-11 08:20:00','2017-10-11 08:45:00','解体','SD07','ST1',4,'7423',19,'-',3,'限 ',NULL,'2017-10-11 08:16:10','SB16'),('f63ca63e-0d69-4bce-a2db-6f915792ad58','00001','2017-10-11 11:00:00','2017-10-11 11:20:00','解体','XD05','XT1',1,'7461',6,'-',12,'K 328208',NULL,'2017-10-11 11:28:12','XB12'),('f65802e3-3c38-4610-b933-d5a02369ff32','11502','2017-10-11 08:30:00','2017-10-11 09:00:00','解体','SD05','ST1',2,'7427',1,'+',52,' 3823510',NULL,'2017-10-11 08:54:14','SD05'),('f686fc8a-730d-495a-87ea-fea30ec7e703','37608','2017-10-11 11:30:00','2017-10-11 12:00:00','编组','SF12',NULL,8,'7472',2,'-',58,'组成 ',NULL,'2017-10-11 10:42:42','SF12'),('f76fae27-8d54-4419-a65d-dca22488d711','80205','2017-10-11 12:10:00','2017-10-11 12:40:00','甩挂','XZ01','XT1',7,'7495',2,'-',1,'K 长轴 ',NULL,'2017-10-11 12:03:50','XB27'),('f784a942-5a1d-4f8b-ae0e-5ec456c61a23','11504','2017-10-11 09:10:00','2017-10-11 09:40:00','解体','SD04','ST1',2,'7441',11,'-',1,'33085505',NULL,'2017-10-11 08:42:03','SB23'),('fa392d16-9f1c-498e-9d44-00069988b151',NULL,'2017-10-11 12:20:00','2017-10-11 12:50:00','挑车','SB03','ST1',2,'7499',1,'+',10,'全部 ',NULL,'2017-10-11 12:16:37','SB03'),('fa7bae61-7492-4a69-94d1-bd3ed119a36b','11502','2017-10-11 08:30:00','2017-10-11 09:00:00','解体','SD05','ST1',2,'7427',15,'-',1,' 3409174',NULL,'2017-10-11 08:54:14','SB16'),('fab304e8-2f4d-4ac6-833b-cb2191afb99e','49030','2017-10-11 13:39:00','2017-10-11 14:11:00','解体','SD02','ST1',2,'7511',10,'-',2,'KG 空线 ',NULL,'2017-10-11 14:01:03','SB09'),('fdf4dc18-2985-4ad4-beed-b30efab8f233',NULL,'2017-10-11 10:00:00','2017-10-11 10:30:00','挑车','XB09','XT1',5,'7457',2,'-',34,'H 空288',NULL,'2017-10-11 10:01:19','XB12'),('fe8798b6-13cf-4dbe-b0d6-f553a8f79efc','44164','2017-10-11 14:30:00','2017-10-11 15:00:00','编组','SF11',NULL,6,'7522',2,'+',39,' 1620139',NULL,'2017-10-11 14:09:08','SB11'),('feff07b4-cac5-498c-b634-5b26707e4c08','11002AB','2017-10-11 09:15:00','2017-10-11 09:45:00','解体','SD08','ST1',2,'7444',12,'-',25,'1新型307',NULL,'2017-10-11 08:57:29','SB21');
/*!40000 ALTER TABLE `dc_plan_copy` ENABLE KEYS */;
UNLOCK TABLES;

--
-- Table structure for table `dc_show_data`
--

DROP TABLE IF EXISTS `dc_show_data`;
/*!40101 SET @saved_cs_client     = @@character_set_client */;
/*!40101 SET character_set_client = utf8 */;
CREATE TABLE `dc_show_data` (
  `dcId` varchar(50) CHARACTER SET utf8 COLLATE utf8_unicode_ci NOT NULL,
  `dcNumber` varchar(10) CHARACTER SET utf8 COLLATE utf8_unicode_ci DEFAULT NULL,
  `dcStartTime` datetime DEFAULT NULL,
  `dcEndTime` datetime DEFAULT NULL,
  `dcType` varchar(10) CHARACTER SET utf8 COLLATE utf8_unicode_ci DEFAULT NULL,
  `dcTypeE` varchar(10) CHARACTER SET utf8 COLLATE utf8_unicode_ci DEFAULT NULL,
  `dcSource` varchar(20) CHARACTER SET utf8 COLLATE utf8_unicode_ci DEFAULT NULL,
  `dcDestination` varchar(20) CHARACTER SET utf8 COLLATE utf8_unicode_ci DEFAULT NULL,
  `dcDj` varchar(10) CHARACTER SET utf8 COLLATE utf8_unicode_ci DEFAULT NULL,
  `dcTFX` varchar(10) CHARACTER SET utf8 COLLATE utf8_unicode_ci DEFAULT NULL,
  `dcTF` varchar(10) CHARACTER SET utf8 COLLATE utf8_unicode_ci DEFAULT NULL,
  `dcXD` varchar(10) CHARACTER SET utf8 COLLATE utf8_unicode_ci DEFAULT NULL,
  `dcDH` varchar(10) CHARACTER SET utf8 COLLATE utf8_unicode_ci DEFAULT NULL,
  `dcPath` varchar(30) DEFAULT NULL,
  `dcCS6` int(11) DEFAULT NULL,
  `jcSumHc` float DEFAULT NULL,
  `dcIsUpdate` int(11) NOT NULL DEFAULT '0',
  PRIMARY KEY (`dcId`)
) ENGINE=InnoDB DEFAULT CHARSET=utf8;
/*!40101 SET character_set_client = @saved_cs_client */;

--
-- Dumping data for table `dc_show_data`
--

LOCK TABLES `dc_show_data` WRITE;
/*!40000 ALTER TABLE `dc_show_data` DISABLE KEYS */;
INSERT INTO `dc_show_data` VALUES ('0525fbbf-bd1f-4d39-95ba-21bf8b087797','83009','2017-10-11 16:27:00','2017-10-11 16:35:00','接车','JC','MSJ','XZ03','0',NULL,NULL,'XZ','03','JCMSJXZ03',0,66.5,0),('06c038d5-a1ca-4d23-962d-64f1aa382749','28613','2017-10-11 17:11:00','2017-10-11 17:19:00','接车','JC','MSJ','XD05','0',NULL,NULL,'XD','05','JCMSJXD05',0,48.4,0),('072dbd94-9544-4961-a6ab-227296fc8443','00003','2017-10-11 11:30:00','2017-10-11 11:36:00','解体','JT',NULL,'XD02','3','XT1','XT','XD','02',NULL,0,0,0),('0e5cae54-91df-4814-85fb-0c8952f0659a','11502','2017-10-11 08:46:00','2017-10-11 09:00:00','解体','JT','SD05','XT1','2','ST1','ST','SD','05','JTSD05XT1',0,0,0),('1177e80c-6804-430e-88e6-e97168ec038c','TC','2017-10-11 14:30:00','2017-10-11 14:50:00','挑车','TC',NULL,'XB09','5','XT1','XT','XB','09',NULL,1,0,0),('18fee618-fe78-4d5e-8909-385d226073d6','34722','2017-10-11 13:56:00','2017-10-11 14:02:00','解体','JT',NULL,'SD08','2','ST1','ST','SD','08',NULL,0,0,0),('1b545ec0-b354-4eba-9e89-32653b82df5e','11042','2017-10-11 12:16:00','2017-10-11 12:30:00','解体','JT','SD04','XT2','2','ST1','ST','SD','04','JTSD04XT2',0,0,0),('22de6e63-581a-4286-829a-a70dac595ec4','89323','2017-10-31 22:26:00','2017-10-31 22:40:00','解体','JT','XD06','XT1','1','XT1','XT','XD','06','JTXD06XT1',0,0,0),('301a5b35-587c-4546-af64-c2740f484cf1','72045B','2017-10-11 16:37:00','2017-10-11 16:45:00','接车','JC','MSJ','XZ01','0',NULL,NULL,'XZ','01','JCMSJXZ01',0,0,0),('3080f30d-82c0-451f-a585-22968a6c6651','00001','2017-10-11 10:20:00','2017-10-11 11:00:00','转场','ZC','SXBFC','SB29','1','XT1','XT','SB','29','ZCSB29',0,0,0),('314e243d-2fd6-4653-9564-5b9b53933f44','11504','2017-10-11 09:26:00','2017-10-11 09:40:00','解体','JT','SD04','XT2','2','ST1','ST','SD','04','JTSD04XT2',0,0,0),('31f4a525-8989-4f21-9ae3-abe57f1e2d00','00003','2017-10-11 10:50:00','2017-10-11 11:30:00','转场','ZC','SXBFC','SB28','3','XT1','XT','SB','28','ZCSB28',0,0,0),('329c482d-7197-4ec1-8bd6-0d617d68bc11','11502','2017-10-11 08:40:00','2017-10-11 08:46:00','解体','JT',NULL,'SD05','2','ST1','ST','SD','05',NULL,0,0,0),('387db697-9e98-425b-91c1-dbe12573e855','X215','2017-10-11 15:38:00','2017-10-11 15:46:00','接车','JC','MSJ','XB01','0',NULL,NULL,'XB','01','JCMSJXB01',0,24,0),('3ab7cea1-5fec-44c3-8a24-5ac57b32340a','X335','2017-10-11 17:47:00','2017-10-11 17:55:00','接车','JC','MSJ','XB01','0',NULL,NULL,'XB','01','JCMSJXB01',0,54,0),('3c52f1c3-9923-49a0-9a48-e4326e93675e','H84541','2017-10-11 15:58:00','2017-10-11 16:06:00','接车','JC','MSJ','XZ03','0',NULL,NULL,'XZ','03','JCMSJXZ03',0,0,0),('3edd6dd4-170e-4271-b7aa-c11300e46620','TC','2017-10-11 13:50:00','2017-10-11 14:00:00','挑车','TC',NULL,'XB15','3','XT1','XT','XB','15',NULL,1,0,0),('3f3be3fd-faae-4e3b-8c17-960b6d4fe0ca','X335','2017-10-11 17:59:00','2017-10-11 18:04:00','本务机','BWJ','XB01',NULL,'0',NULL,NULL,'XB','01',NULL,0,0,0),('411559fb-dba9-474d-b225-c7f391dde3b9','11504','2017-10-11 09:20:00','2017-10-11 09:26:00','解体','JT',NULL,'SD04','2','ST1','ST','SD','04',NULL,0,0,0),('44e61272-b18c-4255-8379-dba9afc3779f','14502','2017-10-11 09:10:00','2017-10-11 09:16:00','解体','JT',NULL,'SD06','2','ST1','ST','SD','06',NULL,0,0,0),('47f1df63-9985-4202-9cf1-bd959d67d826','48108','2017-10-11 09:34:00','2017-10-11 09:40:00','解体','JT',NULL,'SD10','2','ST1','ST','SD','10',NULL,0,0,0),('4ce43054-60a3-4f1d-af0a-0b8a5e8f6825','00001','2017-10-11 11:10:00','2017-10-11 11:16:00','解体','JT',NULL,'XD05','1','XT1','XT','XD','05',NULL,0,0,0),('4e756077-c7bc-416c-8f4f-6c7552319488','86741','2017-10-11 15:45:00','2017-10-11 15:53:00','接车','JC','MSJ','XZ01','0',NULL,NULL,'XZ','01','JCMSJXZ01',0,0,0),('53093bdc-85f8-49fc-80fe-cf3dfe455b95','89004','2017-10-11 10:16:00','2017-10-11 10:30:00','解体','JT','SD02','XT2','2','ST1','ST','SD','02','JTSD02XT2',0,0,0),('5791e665-2524-493a-a6a0-d9c7783a7870','00001','2017-10-11 11:16:00','2017-10-11 11:20:00','解体','JT','XD05','XT1','1','XT1','XT','XD','05','JTXD05XT1',0,0,0),('579b0fcd-b204-447b-89b6-4ddbfe34fa49','11002AB','2017-10-11 09:31:00','2017-10-11 09:45:00','解体','JT','SD08','XT1','2','ST1','ST','SD','08','JTSD08XT1',0,0,0),('580531d7-f87e-4e24-a144-bd30a9e48a00','X215','2017-10-11 16:05:00','2017-10-11 16:10:00','本务机','BWJ','XB01',NULL,'0',NULL,NULL,'XB','01',NULL,0,0,0),('585860fb-564d-4372-bb74-c86438092e80','38611','2017-10-31 22:50:00','2017-10-31 22:58:00','接车','JC','MSJ','XD03','0',NULL,NULL,'XD','03','JCMSJXD03',0,0,0),('5faa06b4-c034-40a3-9777-f20fd82991c4','00003','2017-10-11 11:36:00','2017-10-11 11:50:00','解体','JT','XD02','XT2','3','XT1','XT','XD','02','JTXD02XT2',0,0,0),('60507faf-21d2-4776-a391-89a90a2109f9','49512AB','2017-10-11 08:30:00','2017-10-11 08:36:00','解体','JT',NULL,'SD07','4','ST1','ST','SD','07',NULL,0,0,0),('6bf16766-e9b4-4531-92ff-92b2c9c79569','24510','2017-10-11 14:34:00','2017-10-11 14:40:00','解体','JT',NULL,'SD07','2','ST1','ST','SD','07',NULL,0,0,0),('6d2a1bc2-ccf7-4132-bdb6-ed45fa4de53d','72045A','2017-10-11 16:20:00','2017-10-11 16:25:00','本务机','BWJ','XZ01',NULL,'0',NULL,NULL,'XZ','01',NULL,0,0,0),('6f9d33f3-487f-4b72-ae7e-84a8e178c0fd','11042','2017-10-11 12:10:00','2017-10-11 12:16:00','解体','JT',NULL,'SD04','2','ST1','ST','SD','04',NULL,0,0,0),('726dbe81-0f02-4cf7-8789-4b22f34d3751','89323','2017-10-31 22:20:00','2017-10-31 22:26:00','解体','JT',NULL,'XD06','1','XT1','XT','XD','06',NULL,0,0,0),('756c2dd5-8b28-4b92-8c9d-af7a08dfa5cc','28623','2017-10-11 16:23:00','2017-10-11 16:31:00','接车','JC','MSJ','XD06','0',NULL,NULL,'XD','06','JCMSJXD06',0,83.5,0),('7dd6e6d4-4c71-49f8-bfd3-48168f3d2f35','TC','2017-10-11 12:10:00','2017-10-11 12:30:00','挑车','TC',NULL,'SB07','8','ST1','ST','SB','07',NULL,1,0,0),('7e61082e-1c71-406f-b131-bd6446ece6f0','49020','2017-10-11 10:37:00','2017-10-11 10:43:00','解体','JT',NULL,'SD03','2','ST1','ST','SD','03',NULL,0,0,0),('7e7545ab-30ef-4779-acaa-6d5a24426372','48108','2017-10-11 09:40:00','2017-10-11 09:57:00','解体','JT','SD10','XT1','2','ST1','ST','SD','10','JTSD10XT1',0,0,0),('809be6d8-7d3d-4f79-a8e6-e2188cada65e','57021','2017-10-11 15:21:00','2017-10-11 15:29:00','接车','JC','MSJ','XZ01','0',NULL,NULL,'XZ','01','JCMSJXZ01',0,6.4,0),('824f0aed-86f8-4ab9-88c2-17330799e9e0','11002AB','2017-10-11 09:25:00','2017-10-11 09:31:00','解体','JT',NULL,'SD08','2','ST1','ST','SD','08',NULL,0,0,0),('85fcc82b-dd2d-4f27-9b96-64150aff4f4a','X215','2017-10-11 15:53:00','2017-10-11 16:01:00','接车','JC','MSJ','XB01','0',NULL,NULL,'XB','01','JCMSJXB01',0,24,0),('87d864fb-3d75-4f2c-9c3a-75e7e61aa50e','17603','2017-10-11 16:40:00','2017-10-11 16:48:00','接车','JC','MSJ','XB01','0',NULL,NULL,'XB','01','JCMSJXB01',0,63.4,0),('881ac62e-16d7-4d1a-b290-460c48287239','57021','2017-10-11 15:33:00','2017-10-11 15:38:00','本务机','BWJ','XZ01',NULL,'0',NULL,NULL,'XZ','01',NULL,0,0,0),('8b3d2f37-4806-472d-94bf-2e97172aff78','28621','2017-10-11 16:48:00','2017-10-11 16:56:00','接车','JC','MSJ','XD04','0',NULL,NULL,'XD','04','JCMSJXD04',0,83.3,0),('8f57254e-a75f-44e9-822a-0f27a634a107','00001','2017-10-11 10:20:00','2017-10-11 11:00:00','转场','ZC','SXBFC','SB29','1','XT1','XT','SB','29','ZCSB29',0,0,0),('91e566d3-3a40-4d81-a748-26c61117ec2c','49512AB','2017-10-11 08:36:00','2017-10-11 08:45:00','解体','JT','SD07','XT1','4','ST1','ST','SD','07','JTSD07XT1',0,0,0),('92e463ce-d727-43a6-a6da-e45048f849a4','38611','2017-10-31 23:02:00','2017-10-31 23:07:00','本务机','BWJ','XD03',NULL,'0',NULL,NULL,'XD','03',NULL,0,0,0),('93ba3e4f-d854-458a-bf5d-581d1d583486','X215','2017-10-11 15:50:00','2017-10-11 15:55:00','本务机','BWJ','XB01',NULL,'0',NULL,NULL,'XB','01',NULL,0,0,0),('965e186c-f03d-4ecc-a873-470efdd7c7ad','57023','2017-10-11 17:33:00','2017-10-11 17:38:00','本务机','BWJ','XZ03',NULL,'0',NULL,NULL,'XZ','03',NULL,0,0,0),('982155e7-c0ff-4e52-a7c9-7a6cd55fd68d','83009','2017-10-11 16:39:00','2017-10-11 16:44:00','本务机','BWJ','XZ03',NULL,'0',NULL,NULL,'XZ','03',NULL,0,0,0),('9a7a9a0c-fc90-4d0c-a56f-77183f33353a','57023','2017-10-11 17:21:00','2017-10-11 17:29:00','接车','JC','MSJ','XZ03','0',NULL,NULL,'XZ','03','JCMSJXZ03',0,65.3,0),('9b514fb6-fca3-4509-980b-7d89d4304a19','49030','2017-10-11 13:49:00','2017-10-11 13:55:00','解体','JT',NULL,'SD02','2','ST1','ST','SD','02',NULL,0,0,0),('9e2ab6aa-e13e-4981-904d-ec4e5133ce61','72045B','2017-10-11 16:49:00','2017-10-11 16:54:00','本务机','BWJ','XZ01',NULL,'0',NULL,NULL,'XZ','01',NULL,0,0,0),('9ec40f82-6da6-4082-b917-be5951e9809c','49020','2017-10-11 10:43:00','2017-10-11 10:59:00','解体','JT','SD03','XT2','2','ST1','ST','SD','03','JTSD03XT2',0,0,0),('a2aa4df9-bc1a-4096-9afa-efd24aa87abd','24510','2017-10-11 14:40:00','2017-10-11 14:54:00','解体','JT','SD07','XT1','2','ST1','ST','SD','07','JTSD07XT1',0,0,0),('a4bba213-9fa0-4fea-a5b3-5d04068a2b0a','00003','2017-10-11 10:50:00','2017-10-11 11:30:00','转场','ZC','SXBFC','SB28','3','XT1','XT','SB','28','ZCSB28',0,0,0),('a50e36bf-599d-489d-925d-b4a0f7d10ed1','34722','2017-10-11 14:02:00','2017-10-11 14:18:00','解体','JT','SD08','XT1','2','ST1','ST','SD','08','JTSD08XT1',0,0,0),('ab334ee2-0573-4cc6-a934-696ba941c0db','28621','2017-10-11 17:00:00','2017-10-11 17:05:00','本务机','BWJ','XD04',NULL,'0',NULL,NULL,'XD','04',NULL,0,0,0),('abace1d9-5440-4d3c-8e62-ef2f315baadc','14502','2017-10-11 09:16:00','2017-10-11 09:30:00','解体','JT','SD06','XT1','2','ST1','ST','SD','06','JTSD06XT1',0,0,0),('ad6b9c37-2b86-4492-bc7f-f2b21b74a6f2','CH84401','2017-10-11 15:02:00','2017-10-11 15:10:00','接车','JC','MSJ','XZ03','0',NULL,NULL,'XZ','03','JCMSJXZ03',0,0,0),('b22c0472-8394-4d81-a552-20b7dca120bf','86741','2017-10-11 15:57:00','2017-10-11 16:02:00','本务机','BWJ','XZ01',NULL,'0',NULL,NULL,'XZ','01',NULL,0,0,0),('b5680f24-e2cf-4790-b14b-fdf10b97ed19','49022','2017-10-11 12:46:00','2017-10-11 13:00:00','解体','JT','SD05','XT1','2','ST1','ST','SD','05','JTSD05XT1',0,0,0),('b69a27fb-d02c-4194-92ab-58a339b0ebd3','H84541','2017-10-11 16:10:00','2017-10-11 16:15:00','本务机','BWJ','XZ03',NULL,'0',NULL,NULL,'XZ','03',NULL,0,0,0),('b7f438e3-358d-4e09-9318-318ad35f0216','17601','2017-10-11 16:57:00','2017-10-11 17:05:00','接车','JC','MSJ','XB01','0',NULL,NULL,'XB','01','JCMSJXB01',0,71,0),('b8e000be-a58d-4407-bd3f-4eb58a8c3657','52603','2017-10-11 08:41:00','2017-10-11 08:55:00','解体','JT','XD05','XT1','3','XT1','XT','XD','05','JTXD05XT1',0,0,0),('bd31618d-7b6e-4522-b81b-1e626acc2a6f','28613','2017-10-11 17:23:00','2017-10-11 17:28:00','本务机','BWJ','XD05',NULL,'0',NULL,NULL,'XD','05',NULL,0,0,0),('bf04c68d-ede8-4235-a111-8892bb7e9638','49022','2017-10-11 12:40:00','2017-10-11 12:46:00','解体','JT',NULL,'SD05','2','ST1','ST','SD','05',NULL,0,0,0),('c19b3827-93d9-40e8-94ff-a409ca1c40a1','11506','2017-10-11 11:03:00','2017-10-11 11:20:00','解体','JT','SD09','XT1','2','ST1','ST','SD','09','JTSD09XT1',0,0,0),('c8a48636-3958-4cc9-9ea4-60fbbc9c469e','89004','2017-10-11 10:10:00','2017-10-11 10:16:00','解体','JT',NULL,'SD02','2','ST1','ST','SD','02',NULL,0,0,0),('cd7e7048-108a-46a8-9286-281705fce433','11506','2017-10-11 10:57:00','2017-10-11 11:03:00','解体','JT',NULL,'SD09','2','ST1','ST','SD','09',NULL,0,0,0),('d1c9e33c-4a9b-4bc6-958c-7d7d6bdc825f','34720','2017-10-11 10:34:00','2017-10-11 10:50:00','解体','JT','SD07','XT1','2','ST1','ST','SD','07','JTSD07XT1',0,0,0),('d72c52fb-52fc-4468-bac0-a185b5a7ca4f','34720','2017-10-11 10:28:00','2017-10-11 10:34:00','解体','JT',NULL,'SD07','2','ST1','ST','SD','07',NULL,0,0,0),('da473bff-1eae-4564-bfa2-4afffddd0913','CH84401','2017-10-11 15:14:00','2017-10-11 15:19:00','本务机','BWJ','XZ03',NULL,'0',NULL,NULL,'XZ','03',NULL,0,0,0),('dda3e7e8-9192-4955-97cf-283808494702','TC','2017-10-11 12:30:00','2017-10-11 12:50:00','挑车','TC',NULL,'SB03','2','ST1','ST','SB','03',NULL,1,0,0),('debc7c69-e036-4382-8679-69f03e333592','24508','2017-10-11 10:22:00','2017-10-11 10:39:00','解体','JT','SD06','XT1','2','ST1','ST','SD','06','JTSD06XT1',0,0,0),('e5cfa6e9-6802-4443-ad15-8c58fc476a6d','17601','2017-10-11 17:09:00','2017-10-11 17:14:00','本务机','BWJ','XB01',NULL,'0',NULL,NULL,'XB','01',NULL,0,0,0),('e7c2aab8-495b-442b-ad65-2116ee31ac89','49030','2017-10-11 13:55:00','2017-10-11 14:11:00','解体','JT','SD02','XT2','2','ST1','ST','SD','02','JTSD02XT2',0,0,0),('ee1dbcdd-dff1-457d-9138-dfc867026795','17603','2017-10-11 16:52:00','2017-10-11 16:57:00','本务机','BWJ','XB01',NULL,'0',NULL,NULL,'XB','01',NULL,0,0,0),('efdadbdc-2b0b-4706-8c29-39ba9166bb83','24508','2017-10-11 10:16:00','2017-10-11 10:22:00','解体','JT',NULL,'SD06','2','ST1','ST','SD','06',NULL,0,0,0),('f0984898-9ede-40ff-b6b8-d694932f08f8','TC','2017-10-11 10:10:00','2017-10-11 10:30:00','挑车','TC',NULL,'XB09','5','XT1','XT','XB','09',NULL,1,0,0),('f700c945-ea38-4087-8d34-0ee226011b94','28623','2017-10-11 16:35:00','2017-10-11 16:40:00','本务机','BWJ','XD06',NULL,'0',NULL,NULL,'XD','06',NULL,0,0,0),('f82388d4-f306-450d-be92-ba2dafb2431f','52603','2017-10-11 08:35:00','2017-10-11 08:41:00','解体','JT',NULL,'XD05','3','XT1','XT','XD','05',NULL,0,0,0),('f9d951ff-eb49-43d3-aebf-9a246b3fef35','72045A','2017-10-11 16:08:00','2017-10-11 16:16:00','接车','JC','MSJ','XZ01','0',NULL,NULL,'XZ','01','JCMSJXZ01',0,0,0);
/*!40000 ALTER TABLE `dc_show_data` ENABLE KEYS */;
UNLOCK TABLES;

--
-- Table structure for table `dc_statistics`
--

DROP TABLE IF EXISTS `dc_statistics`;
/*!40101 SET @saved_cs_client     = @@character_set_client */;
/*!40101 SET character_set_client = utf8 */;
CREATE TABLE `dc_statistics` (
  `statisticsId` varchar(50) COLLATE utf8_unicode_ci NOT NULL,
  `logTime` varchar(20) COLLATE utf8_unicode_ci DEFAULT NULL,
  `data1` varchar(100) COLLATE utf8_unicode_ci DEFAULT NULL,
  `data2` varchar(100) COLLATE utf8_unicode_ci DEFAULT NULL,
  PRIMARY KEY (`statisticsId`)
) ENGINE=InnoDB DEFAULT CHARSET=utf8 COLLATE=utf8_unicode_ci;
/*!40101 SET character_set_client = @saved_cs_client */;

--
-- Dumping data for table `dc_statistics`
--

LOCK TABLES `dc_statistics` WRITE;
/*!40000 ALTER TABLE `dc_statistics` DISABLE KEYS */;
/*!40000 ALTER TABLE `dc_statistics` ENABLE KEYS */;
UNLOCK TABLES;

--
-- Table structure for table `dc_tc_plan`
--

DROP TABLE IF EXISTS `dc_tc_plan`;
/*!40101 SET @saved_cs_client     = @@character_set_client */;
/*!40101 SET character_set_client = utf8 */;
CREATE TABLE `dc_tc_plan` (
  `tcId` varchar(50) NOT NULL,
  `dcNumber` varchar(20) DEFAULT NULL,
  `dcStartTime` datetime DEFAULT NULL,
  `dcEndTime` datetime DEFAULT NULL,
  `dcType` varchar(20) DEFAULT NULL,
  `dcSource` varchar(20) DEFAULT NULL,
  `dcDestination` varchar(20) DEFAULT NULL,
  `dcDj` int(11) DEFAULT NULL,
  `dcTFX` varchar(4) DEFAULT NULL,
  `dcTF` varchar(4) DEFAULT NULL,
  `dcXD` varchar(4) DEFAULT NULL,
  `dcDH` varchar(4) DEFAULT NULL,
  `dcSWH` int(11) DEFAULT NULL,
  `dcCS` int(11) DEFAULT NULL,
  PRIMARY KEY (`tcId`)
) ENGINE=InnoDB DEFAULT CHARSET=utf8;
/*!40101 SET character_set_client = @saved_cs_client */;

--
-- Dumping data for table `dc_tc_plan`
--

LOCK TABLES `dc_tc_plan` WRITE;
/*!40000 ALTER TABLE `dc_tc_plan` DISABLE KEYS */;
INSERT INTO `dc_tc_plan` VALUES ('04af30eb-c666-45f5-ae4d-21f11c31b38e','TC','2017-10-11 12:40:00','2017-10-11 13:00:00','挑车',NULL,'HW03',8,'ST1','ST','HW','03',4,-1),('1546dc9d-5bb0-47ae-979e-54b2b24acafb','TC','2017-10-11 13:50:00','2017-10-11 14:00:00','挑车',NULL,'XB15',3,'XT1','XT','XB','15',1,6),('1fdc9762-23fd-434c-81c1-9792dd18ce86','TC','2017-10-11 12:40:00','2017-10-11 13:00:00','挑车',NULL,'HW03',8,'ST1','ST','HW','03',1,1),('21ac01fb-88b9-4976-8070-4b247f27e6ca','TC','2017-10-11 09:10:00','2017-10-11 09:30:00','挑车',NULL,'XB26',5,'XT1','XT','XB','26',3,-1),('2489c27a-85a5-4d45-bad8-36cc468c0c56','TC','2017-10-11 10:10:00','2017-10-11 10:30:00','挑车',NULL,'XB09',5,'XT1','XT','XB','09',2,-34),('296e899a-aeb8-4782-a541-7ad9f6b4bf8b','TC','2017-10-11 12:10:00','2017-10-11 12:30:00','挑车',NULL,'SB07',8,'ST1','ST','SB','07',2,-9),('2abc8740-7c6a-434b-a6e9-a617e2f8824a','TC','2017-10-11 11:10:00','2017-10-11 11:30:00','挑车',NULL,'SB11',8,'ST1','ST','SB','11',1,2),('3b6075ab-c14e-4366-842f-6ec9bde10590','TC','2017-10-11 12:40:00','2017-10-11 13:00:00','挑车',NULL,'HW03',8,'ST1','ST','HW','03',3,-1),('48ad19b6-0fe8-442b-a527-60725afff185','TC','2017-10-11 12:30:00','2017-10-11 12:50:00','挑车',NULL,'SB03',2,'ST1','ST','SB','03',2,-10),('4922a8de-57e0-4091-a738-c65575e1b8ff','TC','2017-10-11 14:30:00','2017-10-11 14:50:00','挑车',NULL,'XB09',5,'XT1','XT','XB','09',1,3),('4bd91fbc-3978-4681-811b-513c613fdb6c','TC','2017-10-11 09:10:00','2017-10-11 09:30:00','挑车',NULL,'XB26',5,'XT1','XT','XB','26',2,-1),('4e429668-6375-4ec0-a588-9e0858d80cc1','TC','2017-10-11 13:20:00','2017-10-11 13:40:00','挑车',NULL,'SB05',2,'ST1','ST','SB','05',2,-1),('5920a12b-32bc-43ed-a306-888496551fba','TC','2017-10-11 09:10:00','2017-10-11 09:30:00','挑车',NULL,'XB26',5,'XT1','XT','XB','26',1,2),('7b738bff-4721-45c0-bdd4-8353d13a0876','TC','2017-10-11 12:10:00','2017-10-11 12:30:00','挑车',NULL,'SB07',8,'ST1','ST','SB','07',6,-22),('7ef78d06-07eb-4e05-9287-60c3a6036c3d','TC','2017-10-11 11:10:00','2017-10-11 11:30:00','挑车',NULL,'SB11',8,'ST1','ST','SB','11',2,-2),('80a297bd-cf43-455b-9666-eb42b355ad9f','TC','2017-10-11 13:20:00','2017-10-11 13:40:00','挑车',NULL,'SB05',2,'ST1','ST','SB','05',1,3),('85582eab-44b1-4721-8ed1-f2e6d386386a','TC','2017-10-11 12:10:00','2017-10-11 12:30:00','挑车',NULL,'SB07',8,'ST1','ST','SB','07',3,15),('883f8cd6-366b-4cb5-b829-bc6217f5f03b','TC','2017-10-11 09:30:00','2017-10-11 09:50:00','挑车',NULL,'XB36',3,'XT1','XT','XB','36',2,-2),('91a3927c-01e2-47f2-803d-164910f57fff','TC','2017-10-11 12:10:00','2017-10-11 12:30:00','挑车',NULL,'SB07',8,'ST1','ST','SB','07',1,9),('9701a980-a105-4465-955c-fecd568edc7e','TC','2017-10-11 10:10:00','2017-10-11 10:30:00','挑车',NULL,'XB09',5,'XT1','XT','XB','09',1,34),('a24b8881-a3c1-4e26-a579-42dc9f7f1313','TC','2017-10-11 12:30:00','2017-10-11 12:50:00','挑车',NULL,'SB03',2,'ST1','ST','SB','03',1,10),('a462a5ea-9be2-4c85-acfe-57ec2846f0c4','TC','2017-10-11 12:40:00','2017-10-11 13:00:00','挑车',NULL,'HW03',8,'ST1','ST','HW','03',2,1),('b11325de-97d0-4ed1-9b22-62bbeaa6eb34','TC','2017-10-11 12:10:00','2017-10-11 12:30:00','挑车',NULL,'SB07',8,'ST1','ST','SB','07',4,10),('b3761155-03bc-4936-a9f3-67f7b3e2cc89','TC','2017-10-11 14:30:00','2017-10-11 14:50:00','挑车',NULL,'XB09',5,'XT1','XT','XB','09',2,-3),('d4004d50-6ffc-4b17-b1ff-6c92eee43ee5','TC','2017-10-11 13:50:00','2017-10-11 14:00:00','挑车',NULL,'XB15',3,'XT1','XT','XB','15',2,-6),('d896b0c5-7ee7-4679-9693-da27d7e04844','TC','2017-10-11 13:20:00','2017-10-11 13:40:00','挑车',NULL,'SB05',2,'ST1','ST','SB','05',3,-2),('dfbd8d16-7455-4bf1-b1bd-65da60071e6e','TC','2017-10-11 09:30:00','2017-10-11 09:50:00','挑车',NULL,'XB36',3,'XT1','XT','XB','36',1,2),('e427d54c-5300-4045-8253-961fface7a09','TC','2017-10-11 12:10:00','2017-10-11 12:30:00','挑车',NULL,'SB07',8,'ST1','ST','SB','07',5,-3);
/*!40000 ALTER TABLE `dc_tc_plan` ENABLE KEYS */;
UNLOCK TABLES;

--
-- Table structure for table `dc_tc_six`
--

DROP TABLE IF EXISTS `dc_tc_six`;
/*!40101 SET @saved_cs_client     = @@character_set_client */;
/*!40101 SET character_set_client = utf8 */;
CREATE TABLE `dc_tc_six` (
  `tcId` varchar(50) NOT NULL,
  `dcDestination` varchar(20) DEFAULT NULL,
  `dcSWH` int(11) DEFAULT NULL,
  `dcCS` int(11) DEFAULT NULL,
  `dcCS6` int(11) DEFAULT NULL,
  PRIMARY KEY (`tcId`)
) ENGINE=InnoDB DEFAULT CHARSET=utf8;
/*!40101 SET character_set_client = @saved_cs_client */;

--
-- Dumping data for table `dc_tc_six`
--

LOCK TABLES `dc_tc_six` WRITE;
/*!40000 ALTER TABLE `dc_tc_six` DISABLE KEYS */;
INSERT INTO `dc_tc_six` VALUES ('04af30eb-c666-45f5-ae4d-21f11c31b38e','HW03',4,-1,0),('1546dc9d-5bb0-47ae-979e-54b2b24acafb','XB15',1,6,1),('1fdc9762-23fd-434c-81c1-9792dd18ce86','HW03',1,1,0),('21ac01fb-88b9-4976-8070-4b247f27e6ca','XB26',3,-1,0),('2489c27a-85a5-4d45-bad8-36cc468c0c56','XB09',2,-34,1),('296e899a-aeb8-4782-a541-7ad9f6b4bf8b','SB07',2,-9,1),('2abc8740-7c6a-434b-a6e9-a617e2f8824a','SB11',1,2,0),('3b6075ab-c14e-4366-842f-6ec9bde10590','HW03',3,-1,0),('48ad19b6-0fe8-442b-a527-60725afff185','SB03',2,-10,1),('4922a8de-57e0-4091-a738-c65575e1b8ff','XB09',1,3,0),('4bd91fbc-3978-4681-811b-513c613fdb6c','XB26',2,-1,0),('4e429668-6375-4ec0-a588-9e0858d80cc1','SB05',2,-1,0),('5920a12b-32bc-43ed-a306-888496551fba','XB26',1,2,0),('7b738bff-4721-45c0-bdd4-8353d13a0876','SB07',6,-22,1),('7ef78d06-07eb-4e05-9287-60c3a6036c3d','SB11',2,-2,0),('80a297bd-cf43-455b-9666-eb42b355ad9f','SB05',1,3,0),('85582eab-44b1-4721-8ed1-f2e6d386386a','SB07',3,15,1),('883f8cd6-366b-4cb5-b829-bc6217f5f03b','XB36',2,-2,0),('91a3927c-01e2-47f2-803d-164910f57fff','SB07',1,9,1),('9701a980-a105-4465-955c-fecd568edc7e','XB09',1,34,1),('a24b8881-a3c1-4e26-a579-42dc9f7f1313','SB03',1,10,1),('a462a5ea-9be2-4c85-acfe-57ec2846f0c4','HW03',2,1,0),('b11325de-97d0-4ed1-9b22-62bbeaa6eb34','SB07',4,10,1),('b3761155-03bc-4936-a9f3-67f7b3e2cc89','XB09',2,-3,1),('d4004d50-6ffc-4b17-b1ff-6c92eee43ee5','XB15',2,-6,0),('d896b0c5-7ee7-4679-9693-da27d7e04844','SB05',3,-2,0),('dfbd8d16-7455-4bf1-b1bd-65da60071e6e','XB36',1,2,0),('e427d54c-5300-4045-8253-961fface7a09','SB07',5,-3,1);
/*!40000 ALTER TABLE `dc_tc_six` ENABLE KEYS */;
UNLOCK TABLES;

--
-- Table structure for table `dc_text`
--

DROP TABLE IF EXISTS `dc_text`;
/*!40101 SET @saved_cs_client     = @@character_set_client */;
/*!40101 SET character_set_client = utf8 */;
CREATE TABLE `dc_text` (
  `textId` int(11) NOT NULL AUTO_INCREMENT,
  `dcText` text COLLATE utf8_unicode_ci,
  `isSelected` int(11) DEFAULT '0',
  PRIMARY KEY (`textId`)
) ENGINE=InnoDB DEFAULT CHARSET=utf8 COLLATE=utf8_unicode_ci;
/*!40101 SET character_set_client = @saved_cs_client */;

--
-- Dumping data for table `dc_text`
--

LOCK TABLES `dc_text` WRITE;
/*!40000 ALTER TABLE `dc_text` DISABLE KEYS */;
/*!40000 ALTER TABLE `dc_text` ENABLE KEYS */;
UNLOCK TABLES;

--
-- Table structure for table `jc_path_info`
--

DROP TABLE IF EXISTS `jc_path_info`;
/*!40101 SET @saved_cs_client     = @@character_set_client */;
/*!40101 SET character_set_client = utf8 */;
CREATE TABLE `jc_path_info` (
  `infoId` int(11) NOT NULL AUTO_INCREMENT,
  `jcPath` varchar(45) DEFAULT NULL,
  `jcDCH` varchar(10) DEFAULT NULL,
  PRIMARY KEY (`infoId`)
) ENGINE=InnoDB AUTO_INCREMENT=757 DEFAULT CHARSET=utf8;
/*!40101 SET character_set_client = @saved_cs_client */;

--
-- Dumping data for table `jc_path_info`
--

LOCK TABLES `jc_path_info` WRITE;
/*!40000 ALTER TABLE `jc_path_info` DISABLE KEYS */;
INSERT INTO `jc_path_info` VALUES (1,'JCMSJXD02','105'),(2,'JCMSJXD02','107'),(3,'JCMSJXD02','109'),(4,'JCMSJXD02','111'),(5,'JCMSJXD02','123'),(6,'JCMSJXD02','125'),(7,'JCMSJXD02','127'),(8,'JCMSJXD02','129'),(9,'JCMSJXD02','131'),(10,'JCMSJXD02','133'),(11,'JCMSJXD02','137'),(12,'JCMSJXD02','(103)'),(13,'JCMSJXD02','(121)'),(14,'JCMSJXD02','(113)'),(15,'JCMSJXD02','(115)'),(16,'JCMSJXD03','105'),(17,'JCMSJXD03','107'),(18,'JCMSJXD03','109'),(19,'JCMSJXD03','111'),(20,'JCMSJXD03','123'),(21,'JCMSJXD03','125'),(22,'JCMSJXD03','127'),(23,'JCMSJXD03','129'),(24,'JCMSJXD03','131'),(25,'JCMSJXD03','133'),(26,'JCMSJXD03','135'),(27,'JCMSJXD03','137'),(28,'JCMSJXD03','(103)'),(29,'JCMSJXD03','(121)'),(30,'JCMSJXD03','(113)'),(31,'JCMSJXD03','(115)'),(32,'JCMSJXD04','105'),(33,'JCMSJXD04','107'),(34,'JCMSJXD04','109'),(35,'JCMSJXD04','111'),(36,'JCMSJXD04','123'),(37,'JCMSJXD04','125'),(38,'JCMSJXD04','127'),(39,'JCMSJXD04','129'),(40,'JCMSJXD04','(103)'),(41,'JCMSJXD04','(121)'),(42,'JCMSJXD04','(113)'),(43,'JCMSJXD04','(115)'),(44,'JCMSJXD04','(131)'),(45,'JCMSJXD04','(133)'),(46,'JCMSJXD05','105'),(47,'JCMSJXD05','107'),(48,'JCMSJXD05','109'),(49,'JCMSJXD05','111'),(50,'JCMSJXD05','113'),(51,'JCMSJXD05','115'),(52,'JCMSJXD05','117'),(53,'JCMSJXD05','119'),(54,'JCMSJXD05','(103)'),(55,'JCMSJXD05','(121)'),(56,'JCMSJXD05','(123)'),(57,'JCMSJXD05','(125)'),(58,'JCMSJXD05','(127)'),(59,'JCMSJXD05','(103)'),(60,'JCMSJXD05','(129)'),(61,'JCMSJXD05','(131)'),(62,'JCMSJXD05','(133)'),(63,'JCMSJXD06','105'),(64,'JCMSJXD06','107'),(65,'JCMSJXD06','109'),(66,'JCMSJXD06','111'),(67,'JCMSJXD06','113'),(68,'JCMSJXD06','115'),(69,'JCMSJXD06','117'),(70,'JCMSJXD06','119'),(71,'JCMSJXD06','141'),(72,'JCMSJXD06','(103)'),(73,'JCMSJXD06','(121)'),(74,'JCMSJXD06','(123)'),(75,'JCMSJXD06','(125)'),(76,'JCMSJXD06','(127)'),(77,'JCMSJXD06','(103)'),(78,'JCMSJXD06','(129)'),(79,'JCMSJXD06','(131)'),(80,'JCMSJXD06','(133)'),(81,'JCMSJXD07','105'),(82,'JCMSJXD07','107'),(83,'JCMSJXD07','109'),(84,'JCMSJXD07','111'),(85,'JCMSJXD07','113'),(86,'JCMSJXD07','115'),(87,'JCMSJXD07','117'),(88,'JCMSJXD07','119'),(89,'JCMSJXD07','141'),(90,'JCMSJXD07','(103)'),(91,'JCMSJXD07','(121)'),(92,'JCMSJXD07','(123)'),(93,'JCMSJXD07','(125)'),(94,'JCMSJXD07','(127)'),(95,'JCMSJXD07','(103)'),(96,'JCMSJXD07','(129)'),(97,'JCMSJXD07','(131)'),(98,'JCMSJXD07','(133)'),(99,'BWJSXD02','138'),(100,'BWJSXD02','112'),(101,'BWJSXD02','106'),(102,'BWJSXD02','(134)'),(103,'BWJSXD02','(114)'),(104,'BWJNXD02','138'),(105,'BWJNXD02','134'),(106,'BWJNXD02','118'),(107,'BWJNXD02','116'),(108,'BWJNXD02','110'),(109,'BWJNXD02','108'),(110,'BWJNXD02','102'),(111,'BWJNXD02','(104)'),(112,'BWJNXD02','(120)'),(113,'BWJNXD02','(122)'),(114,'BWJNXD02','146'),(115,'BWJNXD02','(146)'),(116,'BWJSXD03','146'),(117,'BWJSXD03','134'),(118,'BWJSXD03','118'),(119,'BWJSXD03','120'),(120,'BWJSXD03','114'),(121,'BWJSXD03','112'),(122,'BWJSXD03','106'),(123,'BWJSXD03','(116)'),(124,'BWJSXD03','(122)'),(125,'BWJSXD03','(138)'),(126,'BWJNXD03','146'),(127,'BWJNXD03','134'),(128,'BWJNXD03','118'),(129,'BWJNXD03','116'),(130,'BWJNXD03','110'),(131,'BWJNXD03','108'),(132,'BWJNXD03','102'),(133,'BWJNXD03','(104)'),(134,'BWJNXD03','(120)'),(135,'BWJNXD03','(122)'),(136,'BWJNXD03','(138)'),(137,'BWJSXD04','146'),(138,'BWJSXD04','134'),(139,'BWJSXD04','118'),(140,'BWJSXD04','120'),(141,'BWJSXD04','114'),(142,'BWJSXD04','112'),(144,'BWJSXD04','(116)'),(145,'BWJSXD04','(122)'),(146,'BWJSXD04','(138)'),(147,'BWJNXD04','146'),(148,'BWJNXD04','134'),(149,'BWJNXD04','118'),(150,'BWJNXD04','120'),(151,'BWJNXD04','114'),(152,'BWJNXD04','112'),(153,'BWJNXD04','106'),(154,'BWJNXD04','(116)'),(155,'BWJNXD04','(122)'),(156,'BWJNXD04','(138)'),(157,'BWJSXD05','144'),(158,'BWJSXD05','124'),(159,'BWJSXD05','122'),(160,'BWJSXD05','120'),(161,'BWJSXD05','114'),(162,'BWJSXD05','112'),(163,'BWJSXD05','106'),(164,'BWJSXD05','(128)'),(165,'BWJSXD05','(118)'),(166,'BWJSXD05','(116)'),(167,'BWJNXD05','144'),(168,'BWJNXD05','124'),(169,'BWJNXD05','122'),(170,'BWJNXD05','116'),(171,'BWJNXD05','110'),(172,'BWJNXD05','108'),(173,'BWJNXD05','102'),(174,'BWJNXD05','(104)'),(175,'BWJNXD05','(118)'),(176,'BWJNXD05','(120)'),(177,'BWJNXD05','(128)'),(178,'BWJSXD06','144'),(179,'BWJSXD06','124'),(180,'BWJSXD06','122'),(181,'BWJSXD06','120'),(182,'BWJSXD06','114'),(183,'BWJSXD06','112'),(184,'BWJSXD06','106'),(185,'BWJSXD06','(128)'),(186,'BWJSXD06','(118)'),(187,'BWJSXD06','(116)'),(188,'BWJNXD06','144'),(189,'BWJNXD06','124'),(190,'BWJNXD06','122'),(191,'BWJNXD06','116'),(192,'BWJNXD06','110'),(193,'BWJNXD06','108'),(194,'BWJNXD06','102'),(195,'BWJNXD06','(104)'),(196,'BWJNXD06','(118)'),(197,'BWJNXD06','(120)'),(198,'BWJNXD06','(128)'),(199,'BWJSXD07','128'),(200,'BWJSXD07','124'),(201,'BWJSXD07','122'),(202,'BWJSXD07','120'),(203,'BWJSXD07','114'),(204,'BWJSXD07','112'),(205,'BWJSXD07','106'),(206,'BWJSXD07','(116)'),(207,'BWJSXD07','(118)'),(208,'BWJSXD07','144'),(209,'BWJSXD07','(144)'),(210,'BWJNXD07','128'),(211,'BWJNXD07','102'),(212,'BWJNXD07','108'),(213,'BWJNXD07','(104)'),(214,'BWJNXD07','(110)'),(215,'BWJNXD07','(124)'),(216,'JTQCXD02','103'),(217,'JTQCXD02','139'),(218,'JTQCXD02','133'),(219,'JTQCXD02','135'),(220,'JTQCXD02','137'),(221,'JTQCXD02','(105)'),(222,'JTQCXD02','(107)'),(223,'JTQCXD02','(127)'),(224,'JTQCXD02','(129)'),(225,'JTJDXD02','121'),(226,'JTJDXD02','123'),(227,'JTJDXD02','125'),(228,'JTJDXD02','127'),(229,'JTJDXD02','129'),(230,'JTJDXD02','131'),(231,'JTJDXD02','133'),(232,'JTJDXD02','135'),(233,'JTJDXD02','137'),(234,'JTJDXD02','(109)'),(235,'JTJDXD02','(111)'),(236,'JTJDXD02','(113)'),(237,'JTJDXD02','(115)'),(238,'JTQCXD03','103'),(239,'JTQCXD03','139'),(240,'JTQCXD03','131'),(241,'JTQCXD03','133'),(242,'JTQCXD03','135'),(243,'JTQCXD03','137'),(244,'JTQCXD03','(105)'),(245,'JTQCXD03','(107)'),(246,'JTQCXD03','(127)'),(247,'JTQCXD03','(129)'),(248,'JTJDXD03','121'),(249,'JTJDXD03','123'),(250,'JTJDXD03','125'),(251,'JTJDXD03','127'),(252,'JTJDXD03','129'),(253,'JTJDXD03','131'),(254,'JTJDXD03','133'),(255,'JTJDXD03','135'),(256,'JTJDXD03','137'),(257,'JTJDXD03','(109)'),(258,'JTJDXD03','(111)'),(259,'JTJDXD03','(113)'),(260,'JTJDXD03','(115)'),(261,'JTQCXD04','103'),(262,'JTQCXD04','105'),(263,'JTQCXD04','107'),(264,'JTQCXD04','109'),(265,'JTQCXD04','111'),(266,'JTQCXD04','123'),(267,'JTQCXD04','125'),(268,'JTQCXD04','127'),(269,'JTQCXD04','129'),(270,'JTQCXD04','(121)'),(271,'JTQCXD04','(113)'),(272,'JTQCXD04','(115)'),(273,'JTQCXD04','(131)'),(274,'JTQCXD04','(133)'),(275,'JTJDXD04','121'),(276,'JTJDXD04','123'),(277,'JTJDXD04','125'),(278,'JTJDXD04','127'),(279,'JTJDXD04','129'),(280,'JTJDXD04','(109)'),(281,'JTJDXD04','(111)'),(282,'JTJDXD04','(113)'),(283,'JTJDXD04','(115)'),(284,'JTJDXD04','(131)'),(285,'JTJDXD04','(133)'),(286,'JTJDXD05','121'),(287,'JTJDXD05','113'),(288,'JTJDXD05','115'),(289,'JTJDXD05','117'),(290,'JTJDXD05','119'),(291,'JTJDXD05','(109)'),(292,'JTJDXD05','(111)'),(293,'JTJDXD05','(123)'),(294,'JTJDXD05','(125)'),(295,'JTQCXD05','103'),(296,'JTQCXD05','105'),(297,'JTQCXD05','107'),(298,'JTQCXD05','109'),(299,'JTQCXD05','111'),(300,'JTQCXD05','113'),(301,'JTQCXD05','115'),(302,'JTQCXD05','117'),(303,'JTQCXD05','119'),(304,'JTQCXD05','(121)'),(305,'JTQCXD05','(123)'),(306,'JTQCXD05','(125)'),(307,'JTJDXD06','121'),(308,'JTJDXD06','113'),(309,'JTJDXD06','115'),(310,'JTJDXD06','117'),(311,'JTJDXD06','119'),(312,'JTJDXD06','141'),(313,'JTJDXD06','(109)'),(314,'JTJDXD06','(111)'),(315,'JTJDXD06','(123)'),(316,'JTJDXD06','(125)'),(317,'JTQCXD06','103'),(318,'JTQCXD06','105'),(319,'JTQCXD06','107'),(320,'JTQCXD06','109'),(321,'JTQCXD06','141'),(322,'JTQCXD06','111'),(323,'JTQCXD06','113'),(324,'JTQCXD06','115'),(325,'JTQCXD06','117'),(326,'JTQCXD06','119'),(327,'JTQCXD06','(121)'),(328,'JTQCXD06','(123)'),(329,'JTQCXD06','(125)'),(330,'JTJDXD07','121'),(331,'JTJDXD07','113'),(332,'JTJDXD07','115'),(333,'JTJDXD07','117'),(334,'JTJDXD07','119'),(335,'JTJDXD07','141'),(336,'JTJDXD07','(109)'),(337,'JTJDXD07','(111)'),(338,'JTJDXD07','(123)'),(339,'JTJDXD07','（125）'),(340,'JTQCXD07','103'),(341,'JTQCXD07','105'),(342,'JTQCXD07','107'),(343,'JTQCXD07','109'),(344,'JTQCXD07','141'),(345,'JTQCXD07','111'),(346,'JTQCXD07','113'),(347,'JTQCXD07','115'),(348,'JTQCXD07','117'),(349,'JTQCXD07','119'),(350,'JTQCXD07','(121)'),(351,'JTQCXD07','(123)'),(352,'JTQCXD07','(125)'),(353,'JTXD02XT2','138'),(354,'JTXD02XT2','134'),(355,'JTXD02XT2','118'),(356,'JTXD02XT2','120'),(357,'JTXD02XT2','114'),(358,'JTXD02XT2','(122)'),(359,'JTXD02XT2','(116)'),(360,'JTXD02XT2','(112)'),(361,'JTXD02XT2','146'),(362,'JTXD02XT2','(146)'),(363,'JTXD03XT2','146'),(364,'JTXD03XT2','134'),(365,'JTXD03XT2','118'),(366,'JTXD03XT2','120'),(367,'JTXD03XT2','114'),(368,'JTXD03XT2','(122)'),(369,'JTXD03XT2','(116)'),(370,'JTXD03XT2','(112)'),(371,'JTXD03XT2','(138)'),(372,'JTXD03XT2','146'),(373,'JTXD03XT2','134'),(374,'JTXD03XT2','118'),(375,'JTXD03XT2','120'),(376,'JTXD03XT2','114'),(377,'JTXD03XT2','(122)'),(378,'JTXD03XT2','(116)'),(379,'JTXD03XT2','(112)'),(380,'JTXD03XT2','(138)'),(381,'JTXD04XT2','146'),(382,'JTXD04XT2','134'),(383,'JTXD04XT2','118'),(384,'JTXD04XT2','120'),(385,'JTXD04XT2','114'),(386,'JTXD04XT2','(138)'),(387,'JTXD04XT2','(122)'),(388,'JTXD04XT2','(116)'),(389,'JTXD04XT2','(112)'),(390,'JTXD05XT1','144'),(391,'JTXD05XT1','124'),(392,'JTXD05XT1','122'),(393,'JTXD05XT1','116'),(394,'JTXD05XT1','110'),(395,'JTXD05XT1','(128)'),(396,'JTXD05XT1','(118)'),(397,'JTXD05XT1','(120)'),(398,'JTXD05XT1','(108)'),(399,'JTXD06XT1','144'),(400,'JTXD06XT1','124'),(401,'JTXD06XT1','122'),(402,'JTXD06XT1','116'),(403,'JTXD06XT1','110'),(404,'JTXD06XT1','(128)'),(405,'JTXD06XT1','(118)'),(406,'JTXD06XT1','(120)'),(407,'JTXD06XT1','(108)'),(408,'JTXD07XT1','128'),(409,'JTXD07XT1','124'),(410,'JTXD07XT1','122'),(411,'JTXD07XT1','116'),(412,'JTXD07XT1','110'),(413,'JTXD07XT1','(118)'),(414,'JTXD07XT1','(120)'),(415,'JTXD07XT1','(108)'),(416,'JTXD07XT1','144'),(417,'JTXD07XT1','(144)'),(418,'TCXT1XD05','144'),(419,'TCXT1XD05','124'),(420,'TCXT1XD05','122'),(421,'TCXT1XD05','116'),(422,'TCXT1XD05','110'),(423,'TCXT1XD05','(108)'),(424,'TCXT1XD05','(118)'),(425,'TCXT1XD05','(120)'),(426,'TCXT1XD05','(128)'),(427,'TCXT2XD05','144'),(428,'TCXT2XD05','124'),(429,'TCXT2XD05','122'),(430,'TCXT2XD05','120'),(431,'TCXT2XD05','114'),(432,'TCXT2XD05','(122)'),(433,'TCXT2XD05','(128)'),(434,'TCXT2XD05','(116)'),(435,'TCXT2XD05','(118)'),(436,'TCXT1XD06','144'),(437,'TCXT1XD06','124'),(438,'TCXT1XD06','122'),(439,'TCXT1XD06','116'),(440,'TCXT1XD06','110'),(441,'TCXT1XD06','(108)'),(442,'TCXT1XD06','(118)'),(443,'TCXT1XD06','(120)'),(444,'TCXT1XD06','(128)'),(445,'TCXT2XD06','144'),(446,'TCXT2XD06','124'),(447,'TCXT2XD06','122'),(448,'TCXT2XD06','120'),(449,'TCXT2XD06','114'),(450,'TCXT2XD06','(122)'),(451,'TCXT2XD06','(128)'),(452,'TCXT2XD06','(116)'),(453,'TCXT2XD06','(118)'),(454,'TCXT1XD07','128'),(455,'TCXT1XD07','124'),(456,'TCXT1XD07','122'),(457,'TCXT1XD07','116'),(458,'TCXT1XD07','110'),(459,'TCXT1XD07','(108)'),(460,'TCXT1XD07','(118)'),(461,'TCXT1XD07','(120)'),(462,'TCXT1XD07','144'),(463,'TCXT1XD07','(144)'),(464,'TCXT2XD07','128'),(465,'TCXT2XD07','124'),(466,'TCXT2XD07','122'),(467,'TCXT2XD07','120'),(468,'TCXT2XD07','114'),(469,'TCXT2XD07','(112)'),(470,'TCXT2XD07','(116)'),(471,'TCXT2XD07','(118)'),(472,'TCXT2XD07','144'),(473,'TCXT2XD07','(144)'),(474,'TCXT2XD02','138'),(475,'TCXT2XD02','134'),(476,'TCXT2XD02','118'),(477,'TCXT2XD02','120'),(478,'TCXT2XD02','114'),(479,'TCXT2XD02','(112)'),(480,'TCXT2XD02','(122)'),(481,'TCXT2XD02','(116)'),(482,'TCXT2XD02','146'),(483,'TCXT2XD02','(146)'),(484,'TCXT1XD02','138'),(485,'TCXT1XD02','134'),(486,'TCXT1XD02','118'),(487,'TCXT1XD02','116'),(488,'TCXT1XD02','110'),(489,'TCXT1XD02','(108)'),(490,'TCXT1XD02','(120)'),(491,'TCXT1XD02','(122)'),(492,'TCXT1XD02','146'),(493,'TCXT1XD02','(146)'),(494,'TCXT2XD03','146'),(495,'TCXT2XD03','134'),(496,'TCXT2XD03','118'),(497,'TCXT2XD03','120'),(498,'TCXT2XD03','114'),(499,'TCXT2XD03','(112)'),(500,'TCXT2XD03','(122)'),(501,'TCXT2XD03','(116)'),(502,'TCXT2XD03','(138)'),(503,'TCXT1XD03','146'),(504,'TCXT1XD03','134'),(505,'TCXT1XD03','118'),(506,'TCXT1XD03','116'),(507,'TCXT1XD03','110'),(508,'TCXT1XD03','(108)'),(509,'TCXT1XD03','(120)'),(510,'TCXT1XD03','(122)'),(511,'TCXT1XD03','(138)'),(512,'TCXT2XD04','146'),(513,'TCXT2XD04','134'),(514,'TCXT2XD04','118'),(515,'TCXT2XD04','120'),(516,'TCXT2XD04','114'),(517,'TCXT2XD04','(112)'),(518,'TCXT2XD04','(122)'),(519,'TCXT2XD04','(116)'),(520,'TCXT2XD04','(138)'),(521,'TCXT1XD04','146'),(522,'TCXT1XD04','134'),(523,'TCXT1XD04','118'),(524,'TCXT1XD04','116'),(525,'TCXT1XD04','110'),(526,'TCXT1XD04','(108)'),(527,'TCXT1XD04','(120)'),(528,'TCXT1XD04','(122)'),(529,'TCXT1XD04','(138)'),(531,'ZMXT1XD05','144'),(532,'ZMXT1XD05','124'),(533,'ZMXT1XD05','122'),(534,'ZMXT1XD05','116'),(535,'ZMXT1XD05','110'),(536,'ZMXT1XD05','(108)'),(537,'ZMXT1XD05','(118)'),(538,'ZMXT1XD05','(120)'),(539,'ZMXT1XD05','(128)'),(540,'ZMXT2XD05','144'),(541,'ZMXT2XD05','124'),(542,'ZMXT2XD05','122'),(543,'ZMXT2XD05','120'),(544,'ZMXT2XD05','114'),(545,'ZMXT2XD05','(122)'),(546,'ZMXT2XD05','(128)'),(547,'ZMXT2XD05','(116)'),(548,'ZMXT2XD05','(118)'),(549,'ZMXT1XD06','144'),(550,'ZMXT1XD06','124'),(551,'ZMXT1XD06','122'),(552,'ZMXT1XD06','116'),(553,'ZMXT1XD06','110'),(554,'ZMXT1XD06','(108)'),(555,'ZMXT1XD06','(118)'),(556,'ZMXT1XD06','(120)'),(557,'ZMXT1XD06','(128)'),(558,'ZMXT2XD06','144'),(559,'ZMXT2XD06','124'),(560,'ZMXT2XD06','122'),(561,'ZMXT2XD06','120'),(562,'ZMXT2XD06','114'),(563,'ZMXT2XD06','(122)'),(564,'ZMXT2XD06','(128)'),(565,'ZMXT2XD06','(116)'),(566,'ZMXT2XD06','(118)'),(567,'ZMXT1XD07','128'),(568,'ZMXT1XD07','124'),(569,'ZMXT1XD07','122'),(570,'ZMXT1XD07','116'),(571,'ZMXT1XD07','110'),(572,'ZMXT1XD07','(108)'),(573,'ZMXT1XD07','(118)'),(574,'ZMXT1XD07','(120)'),(575,'ZMXT1XD07','144'),(576,'ZMXT1XD07','(144)'),(577,'ZMXT2XD07','128'),(578,'ZMXT2XD07','124'),(579,'ZMXT2XD07','122'),(580,'ZMXT2XD07','120'),(581,'ZMXT2XD07','114'),(582,'ZMXT2XD07','(112)'),(583,'ZMXT2XD07','(116)'),(584,'ZMXT2XD07','(118)'),(585,'ZMXT2XD07','144'),(586,'ZMXT2XD07','(144)'),(587,'ZMXT2XD02','138'),(588,'ZMXT2XD02','134'),(589,'ZMXT2XD02','118'),(590,'ZMXT2XD02','120'),(591,'ZMXT2XD02','114'),(592,'ZMXT2XD02','(112)'),(593,'ZMXT2XD02','(122)'),(594,'ZMXT2XD02','(116)'),(595,'ZMXT2XD02','146'),(596,'ZMXT2XD02','(146)'),(597,'ZMXT1XD02','138'),(598,'ZMXT1XD02','134'),(599,'ZMXT1XD02','118'),(600,'ZMXT1XD02','116'),(601,'ZMXT1XD02','110'),(602,'ZMXT1XD02','(108)'),(603,'ZMXT1XD02','(120)'),(604,'ZMXT1XD02','(122)'),(605,'ZMXT1XD02','146'),(606,'ZMXT1XD02','(146)'),(607,'ZMXT2XD03','146'),(608,'ZMXT2XD03','134'),(609,'ZMXT2XD03','118'),(610,'ZMXT2XD03','120'),(611,'ZMXT2XD03','114'),(612,'ZMXT2XD03','(112)'),(613,'ZMXT2XD03','(122)'),(614,'ZMXT2XD03','(116)'),(615,'ZMXT2XD03','(138)'),(616,'ZMXT1XD03','146'),(617,'ZMXT1XD03','134'),(618,'ZMXT1XD03','118'),(619,'ZMXT1XD03','116'),(620,'ZMXT1XD03','110'),(621,'ZMXT1XD03','(108)'),(622,'ZMXT1XD03','(120)'),(623,'ZMXT1XD03','(122)'),(624,'ZMXT1XD03','(138)'),(625,'ZMXT2XD04','146'),(626,'ZMXT2XD04','134'),(627,'ZMXT2XD04','118'),(628,'ZMXT2XD04','120'),(629,'ZMXT2XD04','114'),(630,'ZMXT2XD04','(112)'),(631,'ZMXT2XD04','(122)'),(632,'ZMXT2XD04','(116)'),(633,'ZMXT2XD04','(138)'),(634,'ZMXT1XD04','146'),(635,'ZMXT1XD04','134'),(636,'ZMXT1XD04','118'),(637,'ZMXT1XD04','116'),(638,'ZMXT1XD04','110'),(639,'ZMXT1XD04','(108)'),(640,'ZMXT1XD04','(120)'),(641,'ZMXT1XD04','(122)'),(642,'ZMXT1XD04','(138)'),(643,'ZMXD02XT2','138'),(644,'ZMXD02XT2','134'),(645,'ZMXD02XT2','118'),(646,'ZMXD02XT2','120'),(647,'ZMXD02XT2','114'),(648,'ZMXD02XT2','(112)'),(649,'ZMXD02XT2','(122)'),(650,'ZMXD02XT2','(116)'),(651,'ZMXD02XT2','146'),(652,'ZMXD02XT2','(146)'),(653,'ZMXD03XT2','146'),(654,'ZMXD03XT2','134'),(655,'ZMXD03XT2','118'),(656,'ZMXD03XT2','120'),(657,'ZMXD03XT2','114'),(658,'ZMXD03XT2','(112)'),(659,'ZMXD03XT2','(122)'),(660,'ZMXD03XT2','(116)'),(661,'ZMXD03XT2','(138)'),(662,'ZMXD04XT2','146'),(663,'ZMXD04XT2','134'),(664,'ZMXD04XT2','118'),(665,'ZMXD04XT2','120'),(666,'ZMXD04XT2','114'),(667,'ZMXD04XT2','(112)'),(668,'ZMXD04XT2','(122)'),(669,'ZMXD04XT2','(116)'),(670,'ZMXD04XT2','(138)'),(671,'ZMXD05XT1','144'),(672,'ZMXD05XT1','124'),(673,'ZMXD05XT1','122'),(674,'ZMXD05XT1','116'),(675,'ZMXD05XT1','110'),(676,'ZMXD05XT1','(108)'),(677,'ZMXD05XT1','(118)'),(678,'ZMXD05XT1','(120)'),(679,'ZMXD05XT1','(128)'),(680,'ZMXD06XT1','144'),(681,'ZMXD06XT1','124'),(682,'ZMXD06XT1','122'),(683,'ZMXD06XT1','116'),(684,'ZMXD06XT1','110'),(685,'ZMXD06XT1','(108)'),(686,'ZMXD06XT1','(118)'),(687,'ZMXD06XT1','(120)'),(688,'ZMXD06XT1','(128)'),(689,'ZMXD07XT1','128'),(690,'ZMXD07XT1','124'),(691,'ZMXD07XT1','122'),(692,'ZMXD07XT1','116'),(693,'ZMXD07XT1','110'),(694,'ZMXD07XT1','(108)'),(695,'ZMXD07XT1','(118)'),(696,'ZMXD07XT1','(120)'),(697,'ZMXD07XT1','144'),(698,'ZMXD07XT1','(144)'),(699,'SXBFCXD02','106'),(700,'SXBFCXD02','112'),(701,'SXBFCXD02','138'),(702,'SXBFCXD02','(114)'),(703,'SXBFCXD02','(134)'),(704,'SXBFCXD02','146'),(705,'SXBFCXD02','(146)'),(706,'SXBFCXD03','106'),(707,'SXBFCXD03','112'),(708,'SXBFCXD03','114'),(709,'SXBFCXD03','120'),(710,'SXBFCXD03','118'),(711,'SXBFCXD03','134'),(712,'SXBFCXD03','146'),(713,'SXBFCXD03','(116)'),(714,'SXBFCXD03','(122)'),(715,'SXBFCXD03','(138)'),(716,'SXBFCXD04','106'),(717,'SXBFCXD04','112'),(718,'SXBFCXD04','114'),(719,'SXBFCXD04','120'),(720,'SXBFCXD04','118'),(721,'SXBFCXD04','134'),(722,'SXBFCXD04','146'),(723,'SXBFCXD04','(116)'),(724,'SXBFCXD04','(122)'),(725,'SXBFCXD04','(138)'),(726,'SXBFCXD05','112'),(727,'SXBFCXD05','114'),(728,'SXBFCXD05','120'),(729,'SXBFCXD05','122'),(730,'SXBFCXD05','124'),(731,'SXBFCXD05','144'),(732,'SXBFCXD05','(116)'),(733,'SXBFCXD05','(118)'),(734,'SXBFCXD05','(128)'),(735,'SXBFCXD06','106'),(736,'SXBFCXD06','112'),(737,'SXBFCXD06','114'),(738,'SXBFCXD06','120'),(739,'SXBFCXD06','122'),(740,'SXBFCXD06','124'),(741,'SXBFCXD06','144'),(742,'SXBFCXD06','(116)'),(743,'SXBFCXD06','(118)'),(744,'SXBFCXD06','(128)'),(745,'SXBFCXD07','106'),(746,'SXBFCXD07','112'),(747,'SXBFCXD07','114'),(748,'SXBFCXD07','120'),(749,'SXBFCXD07','122'),(750,'SXBFCXD07','124'),(751,'SXBFCXD07','128'),(752,'SXBFCXD07','(116)'),(753,'SXBFCXD07','(118)'),(754,'SXBFCXD07','144'),(755,'SXBFCXD07','(144)'),(756,'JCMSJXD02','135');
/*!40000 ALTER TABLE `jc_path_info` ENABLE KEYS */;
UNLOCK TABLES;

--
-- Table structure for table `jc_plan_copy`
--

DROP TABLE IF EXISTS `jc_plan_copy`;
/*!40101 SET @saved_cs_client     = @@character_set_client */;
/*!40101 SET character_set_client = utf8 */;
CREATE TABLE `jc_plan_copy` (
  `copyId` varchar(50) COLLATE utf8_unicode_ci NOT NULL,
  `jcNumber` varchar(10) COLLATE utf8_unicode_ci DEFAULT NULL COMMENT '车次 \nV_CZD_DJH.TRAIN_NUM=CCH_YSDBML.CC',
  `jcSource` varchar(20) COLLATE utf8_unicode_ci DEFAULT NULL COMMENT '源：只要马三家  V_CZD_DJH.NODE_FOUR_WAY',
  `jcEndTime` datetime DEFAULT NULL COMMENT '结束时间（计划时间）V_CZD_DJH.TIME',
  `jcDestination` varchar(20) COLLATE utf8_unicode_ci DEFAULT NULL COMMENT '目的 V_CZD_DJH.TRACK_NUM',
  `jcHc` float DEFAULT NULL COMMENT '换长 CCH_YSDBML.HC',
  `jcQBID` varchar(45) CHARACTER SET utf8 DEFAULT NULL COMMENT '记事 cch_ysdbml.cc-->cch_ysdbml.qbid = cch_ysdbzw.qbid-->cch_ysdbzw.jsl',
  `jcQBIDN` varchar(20) CHARACTER SET utf8 DEFAULT NULL COMMENT 'PK',
  `jcJSL` varchar(45) CHARACTER SET utf8 DEFAULT NULL COMMENT '记事',
  `jcStartTime` varchar(45) COLLATE utf8_unicode_ci DEFAULT NULL,
  `jcType` varchar(45) COLLATE utf8_unicode_ci DEFAULT NULL,
  PRIMARY KEY (`copyId`)
) ENGINE=InnoDB DEFAULT CHARSET=utf8 COLLATE=utf8_unicode_ci;
/*!40101 SET character_set_client = @saved_cs_client */;

--
-- Dumping data for table `jc_plan_copy`
--

LOCK TABLES `jc_plan_copy` WRITE;
/*!40000 ALTER TABLE `jc_plan_copy` DISABLE KEYS */;
/*!40000 ALTER TABLE `jc_plan_copy` ENABLE KEYS */;
UNLOCK TABLES;

--
-- Table structure for table `jc_plan_detals`
--

DROP TABLE IF EXISTS `jc_plan_detals`;
/*!40101 SET @saved_cs_client     = @@character_set_client */;
/*!40101 SET character_set_client = utf8 */;
CREATE TABLE `jc_plan_detals` (
  `delalsId` varchar(50) COLLATE utf8_unicode_ci NOT NULL,
  `jcNumber` varchar(20) COLLATE utf8_unicode_ci DEFAULT NULL,
  `jcJSL` varchar(45) COLLATE utf8_unicode_ci DEFAULT NULL,
  `jcImportant` varchar(45) COLLATE utf8_unicode_ci DEFAULT NULL,
  PRIMARY KEY (`delalsId`)
) ENGINE=InnoDB DEFAULT CHARSET=utf8 COLLATE=utf8_unicode_ci;
/*!40101 SET character_set_client = @saved_cs_client */;

--
-- Dumping data for table `jc_plan_detals`
--

LOCK TABLES `jc_plan_detals` WRITE;
/*!40000 ALTER TABLE `jc_plan_detals` DISABLE KEYS */;
/*!40000 ALTER TABLE `jc_plan_detals` ENABLE KEYS */;
UNLOCK TABLES;
/*!40103 SET TIME_ZONE=@OLD_TIME_ZONE */;

/*!40101 SET SQL_MODE=@OLD_SQL_MODE */;
/*!40014 SET FOREIGN_KEY_CHECKS=@OLD_FOREIGN_KEY_CHECKS */;
/*!40014 SET UNIQUE_CHECKS=@OLD_UNIQUE_CHECKS */;
/*!40101 SET CHARACTER_SET_CLIENT=@OLD_CHARACTER_SET_CLIENT */;
/*!40101 SET CHARACTER_SET_RESULTS=@OLD_CHARACTER_SET_RESULTS */;
/*!40101 SET COLLATION_CONNECTION=@OLD_COLLATION_CONNECTION */;
/*!40111 SET SQL_NOTES=@OLD_SQL_NOTES */;

-- Dump completed on 2017-11-06 12:56:44
